imgPath,True Humidity,Predicted Humidity,True Temperature,Predicted Temperature
/save/1093-0/59/1547644059_1093-0.jpg,94.9,90.44585,3.3,2.6703591
/save/1242-0/21/1550749821_1242-0.jpg,92.1,93.794914,6.2,5.665948
/save/67-0/20/1545653420_67-0.jpg,87.7,87.345726,0.0,6.193837
/save/1881-0/44/1550920444_1881-0.jpg,47.7,47.717754,-1.9,-2.3884985
/save/1215-0/46/1551016246_1215-0.jpg,39.3,60.06237,7.7,6.3283095
/save/VP1201-0/3/1542719403_VP1201-0.jpg,90.0,95.19026,-1.5,1.08863
/save/346-0/14/1542803114_346-0.jpg,95.8,91.79437,-0.1,2.3144827
/save/55-1/64/1552046164_55-1.jpg,48.0,58.852814,13.3,7.555384
/save/494-0/13/1547812213_494-0.jpg,99.0,96.42719,1.2,2.9294066
/save/51-0/6/1542454106_51-0.jpg,93.5,91.46421,2.5,9.946767
/save/2014-1/0/1545911700_2014-1.jpg,99.9,103.42499,6.3,5.9784055
/save/575-1/24/1545393924_575-1.jpg,78.2,86.90196,4.4,6.1667666
/save/1242-0/20/1552389020_1242-0.jpg,43.7,58.09996,5.0,8.756934
/save/283-0/25/1547469125_283-0.jpg,1.3,0.5380195,2.8,3.2848914
/save/119-0/63/1547293863_119-0.jpg,84.5,87.94363,1.4,1.2644804
/save/55-1/64/1549978564_55-1.jpg,77.6,69.43975,2.6,6.981507
/save/2445-0/29/1552395929_2445-0.jpg,70.2,63.67238,5.3,7.9645543
/save/1881-0/82/1551870782_1881-0.jpg,72.6,62.869278,7.2,10.223772
/save/1454-0/56/1548155556_1454-0.jpg,99.9,60.916054,-3.4,1.0679171
/save/VP1203-0/2/1550754002_VP1203-0.jpg,58.0,70.66504,9.0,6.585654
/save/1239-0/32/1542808232_1239-0.jpg,83.8,74.45112,-0.8,0.353422
/save/1881-0/42/1551960842_1881-0.jpg,44.7,41.860977,13.2,13.1609745
/save/283-0/87/1547811287_283-0.jpg,1.3,0.825756,2.0,4.2844105
/save/609-0/22/1546173722_609-0.jpg,99.1,96.8051,4.3,6.1163597
/save/575-1/23/1544965523_575-1.jpg,91.2,88.96756,-1.0,2.428243
/save/1686-0/60/1542806260_1686-0.jpg,87.5,92.183014,-1.2,0.09760553
/save/346-0/16/1542462316_346-0.jpg,70.6,72.17909,3.0,7.6755466
/save/1960-1/0/1545053100_1960-1.jpg,99.6,92.40309,-2.1,0.18914443
/save/67-0/90/1546085290_67-0.jpg,93.6,90.43736,4.2,5.9587603
/save/575-0/12/1549111512_575-0.jpg,64.0,92.0692,9.6,10.014588
/save/1157-0/36/1549716336_1157-0.jpg,55.5,54.15303,6.5,8.782308
/save/258-0/56/1551183156_258-0.jpg,79.6,74.79888,8.3,8.80274
/save/179-0/80/1546342380_179-0.jpg,99.9,103.69968,6.1,7.892478
/save/1488-0/32/1549371332_1488-0.jpg,85.0,83.894714,1.1,1.8113847
/save/179-0/47/1545827447_179-0.jpg,88.0,91.84889,5.1,6.443521
/save/119-0/84/1549626684_119-0.jpg,64.5,64.484856,6.8,4.4411674
/save/759-0/28/1547467528_759-0.jpg,99.0,82.87315,-2.2,0.26517946
/save/759-0/1/1551617401_759-0.jpg,82.4,75.75134,5.7,6.85554
/save/1181-0/51/1552134351_1181-0.jpg,49.8,58.66256,9.1,8.729059
/save/1093-0/56/1547123256_1093-0.jpg,80.5,85.74625,-4.3,-1.8749881
/save/851-0/58/1547214458_851-0.jpg,84.8,86.208,-7.6,-1.1628458
/save/1490-0/20/1549367520_1490-0.jpg,74.9,81.34687,1.6,6.127639
/save/51-0/24/1542108124_51-0.jpg,95.9,100.50511,11.9,13.488896
/save/1067-0/59/1545570759_1067-0.jpg,95.7,99.57085,6.6,4.471764
/save/296-0/14/1550919614_296-0.jpg,37.9,48.05873,2.2,10.888381
/save/575-1/22/1545138322_575-1.jpg,99.0,98.275795,0.8,0.40091068
/save/569-0/53/1549624853_569-0.jpg,64.4,63.337482,7.3,3.5894697
/save/1061-0/27/1544704227_1061-0.jpg,99.0,98.93178,0.4,3.5238044
/save/2014-1/0/1545486900_2014-1.jpg,99.9,97.95181,3.2,4.9432235
/save/195-0/9/1546002609_195-0.jpg,99.3,92.35405,5.5,8.618907
/save/697-1/57/1544445157_697-1.jpg,82.4,74.2877,5.1,6.8483586
/save/259-1/55/1551793055_259-1.jpg,66.6,73.36868,6.7,10.04455
/save/283-0/52/1549625552_283-0.jpg,1.3,-0.0449481,8.4,6.6805744
/save/2445-0/31/1551531931_2445-0.jpg,60.4,68.30977,4.6,9.481616
/save/65-1/90/1548076090_65-1.jpg,83.9,82.04858,-1.5,0.41809875
/save/68-0/20/1544016620_68-0.jpg,87.6,72.22915,2.4,4.66045
/save/575-0/25/1547640325_575-0.jpg,99.0,91.15138,3.2,5.1015706
/save/55-1/65/1551273365_55-1.jpg,71.7,59.82316,8.9,6.193836
/save/2014-1/1/1545653701_2014-1.jpg,99.9,101.666534,-0.7,1.7749546
/save/258-0/56/1550667456_258-0.jpg,75.3,80.447624,7.9,9.19217
/save/1181-0/79/1550323779_1181-0.jpg,53.8,59.112755,10.1,8.236428
/save/759-0/26/1547298326_759-0.jpg,96.0,99.76453,0.3,1.4928334
/save/1521-0/22/1549367722_1521-0.jpg,99.4,101.81656,2.6,3.3952157
/save/1082-0/6/1551187606_1082-0.jpg,49.6,55.72258,9.9,10.223167
/save/296-0/12/1551096312_296-0.jpg,37.7,38.543427,11.7,13.131061
/save/65-1/57/1547816057_65-1.jpg,90.3,91.058205,0.6,4.8885875
/save/2445-0/29/1552309529_2445-0.jpg,88.3,91.270676,4.7,7.102755
/save/575-1/27/1545140727_575-1.jpg,99.0,98.39543,0.7,1.3086259
/save/575-0/32/1549631432_575-0.jpg,63.0,40.898758,6.2,8.685761
/save/569-1/32/1543326932_569-1.jpg,87.3,88.067024,0.2,2.7653975
/save/137-0/20/1551615120_137-0.jpg,75.1,73.85985,6.9,8.671636
/save/51-0/25/1544189425_51-0.jpg,93.9,90.096115,6.1,7.1835656
/save/137-0/24/1550148724_137-0.jpg,75.0,55.59471,6.6,10.450583
/save/55-1/78/1551878178_55-1.jpg,70.1,57.76931,4.7,6.788963
/save/2445-0/33/1551871533_2445-0.jpg,74.9,64.08542,8.4,7.0176435
/save/757-1/42/1543491042_757-1.jpg,77.4,71.453445,-4.3,-1.3943954
/save/758-1/17/1547643917_758-1.jpg,99.0,94.97165,3.2,2.752628
/save/1490-0/61/1548337861_1490-0.jpg,58.3,61.826233,-1.1,6.991379
/save/VP1201-0/2/1544182202_VP1201-0.jpg,95.0,90.615585,5.6,5.7409043
/save/609-0/97/1546341397_609-0.jpg,99.1,90.75755,6.8,7.314548
/save/137-0/42/1552397642_137-0.jpg,38.1,49.119507,4.9,7.6292925
/save/1239-0/52/1543409152_1239-0.jpg,62.6,58.005188,-0.7,-0.7117724
/save/697-1/58/1545484358_697-1.jpg,98.6,92.90313,4.3,5.925328
/save/1488-0/61/1549628161_1488-0.jpg,69.0,65.416214,5.4,4.540308
/save/1082-0/70/1551266770_1082-0.jpg,60.0,48.055458,7.6,10.593701
/save/569-1/79/1542195879_569-1.jpg,86.0,79.16833,10.0,13.421274
/save/VP1004-0/4/1546604404_VP1004-0.jpg,92.0,96.64328,-2.2,0.6455105
/save/VP1201-0/2/1542111002_VP1201-0.jpg,53.0,58.921555,16.4,7.8728657
/save/1454-0/58/1547213258_1454-0.jpg,94.8,98.60095,-6.0,-2.3117878
/save/VP1004-0/4/1544613604_VP1004-0.jpg,88.0,104.78056,1.7,5.850976
/save/758-1/36/1548072236_758-1.jpg,78.1,75.0401,-3.7,-3.0200472
/save/2445-0/49/1550402749_2445-0.jpg,95.6,96.06399,8.3,9.673927
/save/609-0/17/1544703417_609-0.jpg,74.5,79.80133,1.4,2.8647373
/save/1157-0/15/1547385915_1157-0.jpg,72.8,74.00268,4.7,5.3108354
/save/1061-0/30/1545136230_1061-0.jpg,99.0,100.60013,0.0,1.3475502
/save/137-0/84/1550235184_137-0.jpg,82.6,85.90698,7.3,8.495066
/save/2013-0/12/1542287712_2013-0.jpg,64.3,78.50241,10.2,3.6396253
/save/1991-1/57/1547899657_1991-1.jpg,66.5,67.88743,2.2,2.7357264
/save/585-0/58/1552307258_585-0.jpg,67.1,57.273167,6.7,10.353585
/save/609-0/43/1545218143_609-0.jpg,99.1,97.660995,0.2,5.648186
/save/1991-1/58/1549459658_1991-1.jpg,64.0,68.31245,4.7,5.1972136
/save/1454-0/59/1549200759_1454-0.jpg,99.9,104.72595,8.8,6.900559
/save/697-1/57/1544448757_697-1.jpg,84.1,76.50708,4.6,5.1175504
/save/1181-0/83/1550405283_1181-0.jpg,33.5,55.9404,13.6,7.3888803
/save/1215-0/29/1551361529_1215-0.jpg,62.2,70.17332,10.7,7.4463143
/save/146-0/0/1542974700_146-0.jpg,89.1,86.573,2.1,4.7550707
/save/697-1/59/1545911559_697-1.jpg,99.9,98.36705,6.0,6.2608075
/save/1490-0/83/1549797183_1490-0.jpg,56.4,66.36021,9.6,8.246985
/save/259-1/55/1550236655_259-1.jpg,97.1,88.39261,4.5,10.594823
/save/575-1/22/1546345522_575-1.jpg,99.0,90.05916,3.9,4.6951594
/save/1960-1/1/1545392701_1960-1.jpg,93.0,87.57651,5.3,5.291039
/save/609-0/8/1545309908_609-0.jpg,99.1,97.91499,1.2,4.711819
/save/192-0/45/1551268445_192-0.jpg,47.5,60.108574,7.9,6.3799357
/save/1082-0/49/1549976749_1082-0.jpg,75.9,73.67154,0.4,2.2546544
/save/258-0/55/1550151455_258-0.jpg,80.2,82.29822,8.4,9.635629
/save/1521-0/64/1548940364_1521-0.jpg,99.3,93.634186,0.6,2.401684
/save/585-0/56/1552216656_585-0.jpg,58.0,58.273224,8.4,9.277265
/save/VP1203-0/1/1552132201_VP1203-0.jpg,61.0,71.4471,9.0,9.476176
/save/296-0/41/1548596741_296-0.jpg,79.4,77.30855,5.2,4.7823606
/save/569-1/18/1542806218_569-1.jpg,90.3,94.211426,0.0,2.576321
/save/1067-0/59/1546174359_1067-0.jpg,90.5,92.662125,4.9,4.800672
/save/1881-0/62/1552475762_1881-0.jpg,81.3,77.63396,4.7,9.982609
/save/1488-0/44/1549714544_1488-0.jpg,65.8,63.827328,4.8,6.641248
/save/55-1/65/1552130165_55-1.jpg,69.0,66.9348,8.2,6.362742
/save/1991-1/57/1547897257_1991-1.jpg,68.3,70.82452,1.4,1.9285517
/save/1093-0/56/1548073656_1093-0.jpg,90.7,82.45752,-4.8,-5.8249617
/save/1215-0/18/1552392318_1215-0.jpg,79.4,78.48648,3.9,6.475609
/save/119-0/80/1548247980_119-0.jpg,69.4,85.54939,-3.2,0.75669414
/save/259-1/56/1550066256_259-1.jpg,99.0,96.12729,6.9,10.041632
/save/283-0/50/1549711050_283-0.jpg,1.3,0.020422459,7.4,5.1392846
/save/2445-0/44/1550061944_2445-0.jpg,99.7,105.55046,5.7,7.876716
/save/1215-0/19/1552484719_1215-0.jpg,59.0,63.601753,7.8,1.7091722
/save/53-0/7/1543319307_53-0.jpg,70.5,79.634865,1.2,6.9913554
/save/259-1/56/1551006456_259-1.jpg,45.6,80.30936,6.1,9.187088
/save/1061-0/30/1544963430_1061-0.jpg,99.0,99.76041,-1.1,0.15342742
/save/2445-0/32/1552047932_2445-0.jpg,49.4,69.89267,11.6,10.428043
/save/1454-0/58/1548682358_1454-0.jpg,99.9,106.1906,3.3,3.8982666
/save/296-0/4/1552303504_296-0.jpg,74.9,57.839115,4.4,11.455779
/save/1881-0/84/1550410384_1881-0.jpg,73.2,58.63848,9.4,11.42264
/save/VP1004-0/4/1545223204_VP1004-0.jpg,88.0,84.96671,-1.1,3.202512
/save/585-0/57/1551099757_585-0.jpg,43.6,45.95862,13.3,15.676544
/save/1093-0/56/1547816856_1093-0.jpg,66.2,72.02248,2.2,-1.9171205
/save/697-1/58/1545219158_697-1.jpg,87.9,88.54898,1.5,2.608466
/save/346-0/23/1544016323_346-0.jpg,76.8,73.3336,5.7,4.2019796
/save/344-0/64/1551093164_344-0.jpg,54.0,59.939503,8.6,8.517381
/save/569-1/93/1542110593_569-1.jpg,96.9,93.26396,9.4,9.267502
/save/58-0/69/1547464569_58-0.jpg,75.4,77.21536,2.8,5.6347957
/save/609-0/89/1545826989_609-0.jpg,86.9,87.23474,5.9,5.431832
/save/1437-0/20/1551871920_1437-0.jpg,75.8,56.238716,6.4,6.7023044
/save/1991-1/61/1548593561_1991-1.jpg,79.2,72.932976,0.2,1.7978508
/save/851-0/58/1548337658_851-0.jpg,74.4,75.256256,-5.9,-1.8688011
/save/192-0/40/1551615240_192-0.jpg,73.4,73.900894,5.3,6.555612
/save/2445-0/37/1551356737_2445-0.jpg,65.3,63.0848,10.4,8.865461
/save/1067-0/57/1544881957_1067-0.jpg,94.9,99.52934,0.2,1.5679905
/save/1881-0/40/1552395240_1881-0.jpg,46.2,37.67562,5.6,8.965763
/save/494-0/5/1549366205_494-0.jpg,82.2,73.66733,3.3,4.671886
/save/2445-0/29/1552479929_2445-0.jpg,59.1,70.03283,7.6,8.6904125
/save/1194-1/80/1545996780_1194-1.jpg,89.2,97.89804,5.8,7.4461684
/save/VP1203-0/2/1551619802_VP1203-0.jpg,68.0,71.21831,9.7,6.116399
/save/759-0/33/1548849933_759-0.jpg,59.0,56.571156,1.6,2.6357872
/save/258-0/56/1551533556_258-0.jpg,78.7,81.74303,4.4,7.9577155
/save/585-0/56/1551266556_585-0.jpg,82.6,64.97281,11.8,14.405728
/save/495-2/45/1544529045_495-2.jpg,78.4,83.954865,3.4,6.071489
/save/179-0/80/1546258380_179-0.jpg,92.7,97.1061,3.6,6.457303
/save/1082-0/35/1552139135_1082-0.jpg,47.7,40.238213,10.6,7.6098123
/save/344-0/71/1551185571_344-0.jpg,70.5,64.92326,9.3,8.162042
/save/1082-0/35/1551697535_1082-0.jpg,55.1,53.671295,11.9,10.345162
/save/296-0/27/1549109127_296-0.jpg,96.7,100.9044,2.9,4.147328
/save/296-0/12/1550663112_296-0.jpg,59.2,53.463936,9.1,6.7449093
/save/259-1/55/1550661455_259-1.jpg,94.9,97.127884,6.1,9.807992
/save/1091-0/0/1543407900_1091-0.jpg,62.7,67.38802,6.0,8.100543
/save/283-0/74/1548250474_283-0.jpg,1.3,15.445225,-1.0,-0.54446846
/save/1991-1/60/1548592360_1991-1.jpg,79.0,73.38768,0.2,1.0822182
/save/1881-0/82/1550842582_1881-0.jpg,42.0,52.044865,-1.4,0.35713273
/save/1242-0/22/1552217722_1242-0.jpg,40.7,57.95983,9.4,11.398235
/save/575-0/32/1548333932_575-0.jpg,88.0,92.659904,-6.0,-2.1961966
/save/195-0/10/1544788210_195-0.jpg,79.7,91.0676,-0.1,7.1031446
/save/1521-0/75/1548419475_1521-0.jpg,99.3,64.47605,-4.4,2.03755
/save/1093-0/56/1548078756_1093-0.jpg,74.9,75.595276,-2.5,-2.4163592
/save/VP1203-0/2/1550143802_VP1203-0.jpg,86.0,81.58337,6.2,5.932008
/save/575-0/24/1547378724_575-0.jpg,99.0,92.56667,2.6,1.7383902
/save/757-1/2/1542113402_757-1.jpg,54.6,65.2951,16.0,11.265095
/save/1521-0/94/1548849294_1521-0.jpg,62.6,83.18672,2.5,5.256603
/save/1960-1/1/1545045901_1960-1.jpg,99.6,97.38597,-2.8,-0.44648904
/save/51-0/83/1544182083_51-0.jpg,94.9,88.25049,5.5,7.24441
/save/2014-1/1/1544530501_2014-1.jpg,95.9,98.57867,2.9,4.0756316
/save/575-1/23/1544792723_575-1.jpg,99.0,97.46016,-1.3,0.20700532
/save/296-0/4/1552224304_296-0.jpg,90.7,79.19975,5.5,8.097042
/save/137-0/23/1551527523_137-0.jpg,47.6,52.863655,0.0,4.935944
/save/758-1/81/1547463681_758-1.jpg,85.8,97.73178,0.7,2.5223608
/save/494-0/4/1549284604_494-0.jpg,99.1,83.66911,0.2,2.7574697
/save/1881-0/62/1552478162_1881-0.jpg,80.4,60.801697,4.7,10.0456505
/save/179-0/37/1545138637_179-0.jpg,87.8,84.237854,-0.6,-2.8611166
/save/1090-0/58/1544185958_1090-0.jpg,99.4,98.34283,12.3,11.055027
/save/1488-0/21/1548248121_1488-0.jpg,78.9,78.501816,-4.9,-3.7855623
/save/119-0/86/1548768786_119-0.jpg,86.5,91.95931,2.3,3.1914985
/save/585-0/58/1549886558_585-0.jpg,77.1,73.650185,5.9,10.058474
/save/1181-0/69/1549803969_1181-0.jpg,53.8,68.97847,7.5,7.9055862
/save/1242-0/17/1550670617_1242-0.jpg,67.0,77.58838,6.8,6.157475
/save/494-0/28/1549546228_494-0.jpg,29.4,52.81559,8.6,3.7007654
/save/259-1/56/1551184656_259-1.jpg,84.9,81.85223,8.3,9.75083
/save/296-0/39/1548846339_296-0.jpg,70.4,72.116264,1.2,5.5430417
/save/344-0/60/1550232760_344-0.jpg,64.7,59.34766,9.1,8.604925
/save/1960-1/1/1545223501_1960-1.jpg,99.6,92.44626,-2.4,1.604646
/save/55-1/83/1552389483_55-1.jpg,60.1,60.984898,2.5,5.913866
/save/296-0/31/1547811931_296-0.jpg,73.0,75.596405,-0.1,1.9310341
/save/569-0/43/1548763443_569-0.jpg,92.8,92.003006,0.6,5.912973
/save/1067-0/58/1544793158_1067-0.jpg,87.7,96.01543,-0.2,1.1572773
/save/283-0/88/1549193688_283-0.jpg,1.3,16.976473,2.5,1.3984927
/save/1090-0/59/1543755159_1090-0.jpg,99.4,91.53293,6.3,7.632979
/save/1991-1/60/1547473960_1991-1.jpg,90.8,79.21065,0.4,-0.048029605
/save/1991-1/60/1547204860_1991-1.jpg,87.5,86.94772,-6.5,-2.8952389
/save/1067-0/58/1545051158_1067-0.jpg,96.4,98.70187,-0.6,1.9327142
/save/759-0/29/1548421529_759-0.jpg,74.3,77.62532,-6.3,-2.5081139
/save/53-0/20/1543840220_53-0.jpg,90.5,84.12486,4.5,6.623037
/save/1157-0/12/1549193112_1157-0.jpg,54.9,60.16589,12.2,12.924817
/save/346-0/20/1542282920_346-0.jpg,98.7,79.83961,6.6,9.833418
/save/51-0/92/1542203292_51-0.jpg,80.4,74.97958,10.4,11.903502
/save/495-2/49/1544531449_495-2.jpg,78.6,77.10182,3.1,4.836218
/save/1488-0/19/1547470519_1488-0.jpg,85.8,88.91987,-0.5,0.93428785
/save/1686-0/59/1542112959_1686-0.jpg,79.4,70.63827,11.1,7.5739164
/save/VP1203-0/2/1551441002_VP1203-0.jpg,70.0,84.712585,6.5,6.403032
/save/1090-0/59/1542109659_1090-0.jpg,99.4,104.273285,12.0,14.20494
/save/1157-0/12/1549110312_1157-0.jpg,65.9,61.764233,10.0,13.297984
/save/VP1203-0/1/1550064601_VP1203-0.jpg,89.0,96.44823,2.7,4.64263
/save/1454-0/59/1547555259_1454-0.jpg,75.9,88.373314,0.4,3.1024585
/save/585-0/58/1551526958_585-0.jpg,95.6,74.84285,3.8,10.597208
/save/575-0/11/1549201511_575-0.jpg,99.0,89.55625,4.3,5.8318095
/save/1157-0/17/1548241517_1157-0.jpg,93.3,81.92412,-4.9,0.9741369
/save/575-1/31/1546170331_575-1.jpg,99.0,92.63281,3.5,4.3403163
/save/759-0/3/1552481403_759-0.jpg,62.3,62.06894,3.7,4.7328634
/save/67-0/54/1546262754_67-0.jpg,88.4,83.03091,1.8,5.1307855
/save/51-0/26/1542891726_51-0.jpg,92.8,94.93545,0.8,4.3727
/save/1181-0/41/1551179341_1181-0.jpg,45.5,53.290672,10.2,7.3694596
/save/283-0/78/1548162878_283-0.jpg,1.2,17.441368,-3.3,0.785932
/save/1093-0/59/1549537659_1093-0.jpg,40.1,38.171524,6.0,9.05144
/save/1181-0/35/1551785635_1181-0.jpg,41.3,44.270336,10.0,8.663574
/save/1157-0/16/1547205916_1157-0.jpg,66.9,76.64258,-2.4,-0.8648955
/save/137-0/84/1550409184_137-0.jpg,73.2,71.22186,9.1,8.663694
/save/53-0/27/1542289927_53-0.jpg,76.3,73.30321,9.3,6.096908
/save/1091-0/0/1543320300_1091-0.jpg,96.1,93.35376,3.3,6.3280706
/save/1521-0/0/1549023200_1521-0.jpg,99.4,99.76216,-0.2,3.6305957
/save/1454-0/59/1549626759_1454-0.jpg,99.9,92.74516,5.3,8.670122
/save/569-1/54/1544103654_569-1.jpg,69.0,70.40619,4.3,4.7241607
/save/494-0/15/1547473815_494-0.jpg,99.0,94.48984,0.1,2.5980735
/save/569-1/72/1543842172_569-1.jpg,96.8,85.68196,11.4,10.58397
/save/1061-0/34/1545827434_1061-0.jpg,99.0,101.10695,4.2,5.9114275
/save/1157-0/19/1548337819_1157-0.jpg,76.6,75.70492,-5.3,0.018158492
/save/569-1/81/1542712981_569-1.jpg,82.2,91.1624,1.2,2.9015255
/save/1454-0/60/1548424360_1454-0.jpg,0.0,14.68606,-5.2,-3.555858
/save/67-0/12/1544446212_67-0.jpg,90.8,85.83001,1.0,5.1333575
/save/2014-1/0/1546342500_2014-1.jpg,93.5,92.58132,6.5,6.6614904
/save/1239-0/53/1543152653_1239-0.jpg,76.5,72.77413,6.5,4.1916327
/save/585-0/57/1550146957_585-0.jpg,99.9,89.47452,7.7,10.656966
/save/585-0/55/1549969355_585-0.jpg,61.8,67.60918,4.9,9.652337
/save/1181-0/35/1550238635_1181-0.jpg,73.7,66.37057,7.4,7.3946514
/save/VP1203-0/2/1550667002_VP1203-0.jpg,61.0,69.43034,7.5,5.329952
/save/137-0/47/1551273247_137-0.jpg,36.9,44.89764,11.5,9.373788
/save/1490-0/83/1549716783_1490-0.jpg,60.1,71.97336,6.3,7.9091735
/save/195-0/8/1544793008_195-0.jpg,79.2,88.42398,0.0,5.5538926
/save/759-0/2/1549456202_759-0.jpg,70.6,59.536293,1.9,5.91409
/save/1881-0/47/1551095647_1881-0.jpg,61.2,53.656845,9.0,8.94025
/save/283-0/50/1549715550_283-0.jpg,1.3,0.17926896,8.8,6.2358007
/save/VP1203-0/1/1551874801_VP1203-0.jpg,40.0,90.019516,9.8,10.758172
/save/259-1/56/1550315856_259-1.jpg,49.4,63.337227,10.8,6.8435655
/save/2445-0/30/1551528330_2445-0.jpg,46.6,49.105858,4.8,6.1850395
/save/1686-0/60/1543749460_1686-0.jpg,70.4,74.32529,2.8,4.2691293
/save/1067-0/59/1545657159_1067-0.jpg,81.2,89.40321,-0.6,3.2958272
/save/1181-0/52/1550063452_1181-0.jpg,92.4,79.27038,1.8,5.419272
/save/VP1201-0/2/1543413002_VP1201-0.jpg,68.0,77.84729,-0.6,3.0952833
/save/51-0/62/1543586062_51-0.jpg,72.7,75.95098,0.3,5.6576223
/save/137-0/20/1551697920_137-0.jpg,56.3,52.47252,14.7,10.965296
/save/569-0/81/1549801481_569-0.jpg,68.2,91.05144,8.2,6.934279
/save/179-0/37/1545743437_179-0.jpg,99.9,108.99762,1.4,2.7930138
/save/1215-0/31/1550145931_1215-0.jpg,91.0,88.13409,8.2,7.2506723
/save/1490-0/20/1548507120_1490-0.jpg,78.9,87.809296,-2.7,-0.4855315
/save/1181-0/35/1551614935_1181-0.jpg,60.9,52.588196,8.1,8.328642
/save/67-0/97/1544622497_67-0.jpg,93.8,93.29157,0.4,1.2651474
/save/757-1/2/1542021002_757-1.jpg,48.1,66.663475,17.1,13.161803
/save/296-0/8/1549710308_296-0.jpg,58.7,60.540157,9.0,10.482445
/save/1082-0/39/1551447939_1082-0.jpg,54.7,49.250885,8.6,10.856869
/save/258-0/55/1552483055_258-0.jpg,59.5,75.41616,8.4,8.582842
/save/1521-0/85/1548415885_1521-0.jpg,99.3,74.05359,-4.6,0.81969625
/save/258-0/55/1550057855_258-0.jpg,91.8,86.61968,7.4,6.974191
/save/258-0/54/1550144254_258-0.jpg,89.0,84.76132,7.0,9.064608
/save/757-1/1/1543931401_757-1.jpg,99.1,83.92895,5.8,6.6480403
/save/2445-0/31/1552475131_2445-0.jpg,88.2,85.01865,7.0,9.794899
/save/68-0/24/1543326624_68-0.jpg,90.2,81.40484,1.0,3.311093
/save/283-0/20/1547551920_283-0.jpg,1.3,38.67919,2.2,2.2063837
/save/296-0/32/1547556332_296-0.jpg,91.7,94.24992,2.2,4.306194
/save/65-1/0/1549196200_65-1.jpg,95.3,88.920525,2.6,5.2703466
/save/1082-0/8/1551186408_1082-0.jpg,50.0,42.563713,9.7,11.957728
/save/VP1201-0/2/1543408202_VP1201-0.jpg,66.0,69.94658,-0.5,2.1513774
/save/258-0/56/1550066256_258-0.jpg,84.0,82.616714,8.3,8.539973
/save/1181-0/52/1551880352_1181-0.jpg,36.7,55.604046,10.6,9.3480835
/save/1991-1/57/1549027957_1991-1.jpg,78.4,74.67319,3.5,5.798987
/save/1194-1/80/1546258380_1194-1.jpg,85.7,91.88333,3.6,5.9478917
/save/1194-1/40/1546089240_1194-1.jpg,91.4,95.5726,4.0,5.630071
/save/344-0/21/1551526321_344-0.jpg,63.0,62.167038,3.4,8.871258
/save/569-1/84/1542717784_569-1.jpg,77.3,81.81607,1.2,3.4848573
/save/259-1/56/1550410356_259-1.jpg,85.9,85.33011,8.8,10.919808
/save/1194-1/58/1544621158_1194-1.jpg,99.4,81.66424,0.8,6.297786
/save/150-1/64/1548156964_150-1.jpg,94.5,86.318565,-5.4,-0.058029834
/save/119-0/60/1547986260_119-0.jpg,72.7,71.927414,-0.9,0.79305154
/save/1881-0/42/1551702842_1881-0.jpg,45.3,45.121155,16.4,14.715796
/save/1960-1/1/1544705401_1960-1.jpg,99.6,103.47413,-0.6,3.3939912
/save/192-0/40/1552304040_192-0.jpg,48.8,53.165276,3.5,8.774531
/save/53-0/78/1542807378_53-0.jpg,90.2,96.50925,0.9,2.1271808
/save/195-0/8/1546350608_195-0.jpg,78.7,91.00929,6.1,8.731048
/save/119-0/22/1549367522_119-0.jpg,73.6,94.83086,1.1,1.8897169
/save/609-0/49/1544443049_609-0.jpg,77.5,82.60967,4.6,4.3977942
/save/65-1/29/1547470329_65-1.jpg,61.8,72.20793,3.6,5.708541
/save/2013-0/10/1543404910_2013-0.jpg,88.8,81.549065,-0.2,3.2283592
/save/1091-0/20/1544181920_1091-0.jpg,99.5,97.74968,13.0,12.945446
/save/569-1/50/1543492650_569-1.jpg,53.8,62.359905,1.0,7.240407
/save/258-0/56/1550063856_258-0.jpg,84.9,86.49452,8.2,8.305547
/save/53-0/20/1543836620_53-0.jpg,91.5,88.34294,4.2,5.625347
/save/1490-0/80/1548159180_1490-0.jpg,58.6,61.20778,0.9,4.964406
/save/1991-1/57/1547988457_1991-1.jpg,83.2,81.23803,-2.2,-2.0378726
/save/759-0/2/1551185402_759-0.jpg,83.2,66.08479,5.6,6.8131914
/save/1686-0/60/1543318660_1686-0.jpg,84.4,81.8564,-3.8,4.1950874
/save/1067-0/59/1545312759_1067-0.jpg,99.0,102.00729,2.1,2.8974116
/save/1686-0/60/1544097460_1686-0.jpg,68.6,69.304276,1.7,6.2870626
/save/1242-0/52/1551958552_1242-0.jpg,38.3,54.43862,13.9,11.852147
/save/1881-0/42/1551878042_1881-0.jpg,55.5,51.205807,9.3,11.341504
/save/258-0/56/1551531456_258-0.jpg,73.4,77.97463,5.5,7.6620607
/save/757-1/30/1543150230_757-1.jpg,94.1,92.32515,5.1,7.301313
/save/2445-0/40/1551876340_2445-0.jpg,63.7,57.06492,9.0,11.655661
/save/1090-0/58/1543060058_1090-0.jpg,99.4,104.74393,5.6,9.432367
/save/609-0/47/1544787247_609-0.jpg,88.1,80.31717,0.5,5.8529525
/save/1181-0/72/1551876472_1181-0.jpg,37.9,41.041126,10.6,11.441745
/save/1488-0/22/1548594922_1488-0.jpg,87.8,91.281685,-1.3,-1.4056973
/save/150-1/46/1548328446_150-1.jpg,82.2,79.18681,-5.0,-3.307612
/save/1082-0/55/1550664355_1082-0.jpg,47.2,48.928608,7.7,9.979268
/save/195-0/7/1546264207_195-0.jpg,90.5,97.65155,4.2,7.6105614
/save/51-0/83/1544184483_51-0.jpg,94.9,88.68736,5.8,6.9688654
/save/851-0/55/1547904455_851-0.jpg,53.8,60.906776,1.2,3.3291752
/save/1215-0/29/1549892729_1215-0.jpg,88.4,96.56091,5.0,6.5454597
/save/758-1/77/1549111477_758-1.jpg,73.2,69.94468,8.7,8.249331
/save/1488-0/18/1547898918_1488-0.jpg,71.3,74.42344,-1.3,-1.4725616
/save/2445-0/36/1551620736_2445-0.jpg,99.7,102.003494,8.4,7.499545
/save/1157-0/12/1549200312_1157-0.jpg,50.4,56.89413,13.6,9.296601
/save/68-0/29/1543149029_68-0.jpg,99.9,96.14877,2.5,4.737128
/save/296-0/34/1549368134_296-0.jpg,71.0,72.28133,1.4,0.9598735
/save/569-1/78/1542456878_569-1.jpg,52.4,73.87547,5.9,8.632529
/save/1091-0/0/1543064700_1091-0.jpg,94.6,86.65316,7.9,1.1375496
/save/1215-0/32/1550065532_1215-0.jpg,98.8,93.24481,6.8,7.935626
/save/259-1/56/1551617856_259-1.jpg,99.0,99.42234,7.6,9.630383
/save/2014-1/0/1546259700_2014-1.jpg,99.9,99.08595,3.8,6.8599396
/save/1157-0/41/1549628741_1157-0.jpg,64.3,59.807205,4.7,7.74094
/save/495-2/45/1544793045_495-2.jpg,87.1,85.10951,-0.6,0.1253162
/save/1881-0/48/1551275648_1881-0.jpg,44.0,43.32881,11.8,10.725433
/save/119-0/68/1549458668_119-0.jpg,70.5,66.77597,4.6,3.8399966
/save/1093-0/58/1547294858_1093-0.jpg,75.7,84.47905,2.1,0.7345856
/save/296-0/4/1551965104_296-0.jpg,46.0,57.727165,14.4,11.629886
/save/VP1004-0/4/1546087204_VP1004-0.jpg,97.0,94.88616,5.0,5.709139
/save/1881-0/40/1551873240_1881-0.jpg,67.0,56.965797,7.9,12.0178385
/save/146-0/14/1544099114_146-0.jpg,48.9,64.1042,4.4,8.878478
/save/2013-0/0/1544018100_2013-0.jpg,91.0,86.023575,2.8,4.8015227
/save/VP1203-0/2/1551877202_VP1203-0.jpg,45.0,62.50917,10.1,7.084972
/save/68-0/27/1542893427_68-0.jpg,78.6,78.1452,-0.7,4.8458557
/save/575-0/24/1547118324_575-0.jpg,99.0,96.81291,-3.1,-1.2185829
/save/569-0/60/1548243960_569-0.jpg,89.5,92.0401,-6.6,-4.5321927
/save/575-1/21/1546085121_575-1.jpg,99.0,112.77445,3.7,5.3542857
/save/1181-0/89/1550402889_1181-0.jpg,35.1,66.942276,13.0,9.412198
/save/1181-0/79/1551870779_1181-0.jpg,44.4,52.43039,9.0,10.338376
/save/759-0/1/1552217401_759-0.jpg,50.3,64.084435,6.4,8.077428
/save/232-0/14/1546005014_232-0.jpg,99.9,103.73605,1.4,3.9047718
/save/609-0/7/1545047807_609-0.jpg,85.1,91.704155,0.6,1.4634593
/save/192-0/82/1550406782_192-0.jpg,73.4,70.354065,6.6,7.1083794
/save/1082-0/64/1550755864_1082-0.jpg,44.3,53.729378,10.6,8.253207
/save/344-0/26/1549887226_344-0.jpg,88.0,76.65438,3.5,6.269729
/save/192-0/42/1550928842_192-0.jpg,45.9,53.756268,-1.0,2.687525
/save/137-0/84/1549887184_137-0.jpg,69.5,72.396996,7.1,8.6254
/save/585-0/57/1551097357_585-0.jpg,40.7,41.0644,13.8,13.1629095
/save/1242-0/51/1551358251_1242-0.jpg,38.0,52.530334,13.3,10.746696
/save/495-2/51/1545219051_495-2.jpg,74.7,66.75095,-1.0,2.552499
/save/1157-0/12/1549191912_1157-0.jpg,55.5,58.581696,12.0,12.180364
/save/851-0/58/1548766358_851-0.jpg,61.8,58.379982,5.1,6.3711333
/save/283-0/87/1547812487_283-0.jpg,1.3,1.5180568,2.1,4.01971
/save/119-0/60/1547731860_119-0.jpg,80.7,88.17005,4.9,3.963302
/save/1181-0/36/1552477636_1181-0.jpg,53.2,54.27477,5.6,7.8023057
/save/1093-0/58/1549631258_1093-0.jpg,64.1,68.1902,3.5,3.186745
/save/1157-0/6/1549287906_1157-0.jpg,83.0,80.43326,1.1,5.3287387
/save/192-0/82/1549977182_192-0.jpg,67.9,73.92564,1.0,4.8987823
/save/67-0/84/1544708884_67-0.jpg,94.7,90.95432,-0.5,1.7636826
/save/296-0/29/1547816729_296-0.jpg,66.8,65.28883,-0.3,6.7028437
/save/575-0/28/1548248728_575-0.jpg,99.0,99.783905,-5.6,-2.122925
/save/494-0/8/1548768608_494-0.jpg,96.9,89.20732,2.0,4.9336114
/save/VP1203-0/3/1550059203_VP1203-0.jpg,84.0,92.01802,2.4,1.6810815
/save/68-0/14/1543751414_68-0.jpg,85.7,77.97224,1.5,3.590089
/save/1437-0/62/1551957062_1437-0.jpg,48.4,49.272392,11.3,13.082011
/save/1181-0/24/1551096824_1181-0.jpg,44.4,45.39945,10.1,8.05611
/save/758-1/31/1548675731_758-1.jpg,99.1,79.90416,1.8,1.2769175
/save/1454-0/59/1547126859_1454-0.jpg,87.7,98.09364,-5.6,-2.7496355
/save/575-0/26/1548329126_575-0.jpg,91.2,94.5739,-6.4,-2.588385
/save/65-1/93/1548073693_65-1.jpg,82.4,88.92769,-0.9,0.18260747
/save/1093-0/56/1548244356_1093-0.jpg,77.2,78.48582,-5.1,-6.9345884
/save/1881-0/43/1550753343_1881-0.jpg,97.0,92.44334,6.5,7.128477
/save/346-0/17/1542804317_346-0.jpg,96.1,89.39652,-0.1,4.969761
/save/1960-1/0/1544967900_1960-1.jpg,78.0,80.86752,-0.4,1.6800492
/save/1991-1/62/1548761562_1991-1.jpg,76.0,75.824295,4.6,6.2405853
/save/759-0/1/1550324701_759-0.jpg,30.4,47.45086,12.7,8.784371
/save/494-0/15/1548155415_494-0.jpg,99.1,77.22793,-6.4,1.9830477
/save/1960-1/1/1546088701_1960-1.jpg,99.6,100.06966,3.9,4.9876943
/save/1215-0/19/1551612319_1215-0.jpg,97.4,99.357086,8.7,9.296466
/save/344-0/59/1551957159_344-0.jpg,41.0,57.981674,14.9,9.358519
/save/2445-0/83/1551185183_2445-0.jpg,53.3,54.83951,11.5,9.150283
/save/697-1/57/1545829957_697-1.jpg,80.0,84.40497,5.8,4.6225247
/save/759-0/1/1550323501_759-0.jpg,29.7,45.554527,12.8,10.002914
/save/1093-0/58/1548503558_1093-0.jpg,66.2,66.33131,-2.6,-2.0578387
/save/195-0/7/1545397807_195-0.jpg,99.4,99.11575,4.3,7.7204237
/save/1067-0/59/1546345959_1067-0.jpg,69.5,86.62286,7.0,4.433058
/save/2013-0/10/1543149310_2013-0.jpg,99.9,95.85349,2.1,5.7797556
/save/2013-0/0/1543755300_2013-0.jpg,99.9,90.92308,1.7,3.5401447
/save/1490-0/60/1547214660_1490-0.jpg,84.0,75.35529,-4.3,0.614723
/save/2013-0/10/1542633310_2013-0.jpg,99.9,93.71494,3.8,4.7568293
/save/1181-0/79/1552051979_1181-0.jpg,30.9,47.631752,14.5,9.170117
/save/1090-0/59/1543839159_1090-0.jpg,99.4,96.18051,12.8,13.438311
/save/494-0/23/1549803023_494-0.jpg,50.4,60.499664,8.8,7.262451
/save/1488-0/24/1548677724_1488-0.jpg,81.4,83.77703,1.9,1.472975
/save/195-0/9/1545394209_195-0.jpg,99.4,91.28611,4.5,6.7558446
/save/VP1201-0/3/1542196803_VP1201-0.jpg,79.0,81.20185,8.7,7.7102237
/save/232-0/11/1545051911_232-0.jpg,91.6,94.82122,-2.2,-0.8900973
/save/1067-0/58/1546169558_1067-0.jpg,89.9,89.10777,4.7,8.330974
/save/575-0/31/1548337531_575-0.jpg,90.1,90.08107,-6.1,-2.5617979
/save/569-1/48/1542626548_569-1.jpg,74.4,87.21187,4.5,7.2272363
/save/1991-1/57/1547812357_1991-1.jpg,73.2,75.39429,2.6,4.4368987
/save/2014-1/0/1545398100_2014-1.jpg,99.9,99.24301,1.7,3.0862596
/save/150-1/83/1548338183_150-1.jpg,83.2,82.08622,-5.1,-4.0209737
/save/179-0/37/1544968237_179-0.jpg,99.2,97.54462,-1.1,-2.7578795
/save/759-0/30/1547901930_759-0.jpg,51.7,42.54245,-1.3,0.90012246
/save/58-0/89/1548078489_58-0.jpg,85.8,79.16589,-2.0,2.8055036
/save/195-0/10/1545917410_195-0.jpg,99.4,99.225586,6.7,6.764131
/save/2445-0/42/1550142342_2445-0.jpg,99.7,111.7616,7.8,5.83446
/save/757-1/29/1543153829_757-1.jpg,96.5,89.32233,4.8,6.7198377
/save/2445-0/32/1551698732_2445-0.jpg,76.4,81.78175,12.2,9.944758
/save/569-0/92/1549366992_569-0.jpg,80.2,89.67516,0.2,6.0059295
/save/758-1/30/1547295930_758-1.jpg,97.5,103.92992,0.4,0.5451434
/save/585-0/57/1552135357_585-0.jpg,60.7,63.224968,10.5,13.897186
/save/192-0/82/1550142782_192-0.jpg,75.4,74.30333,3.9,7.1859975
/save/1881-0/44/1551186844_1881-0.jpg,55.3,43.136486,9.5,9.898143
/save/1157-0/17/1547300717_1157-0.jpg,78.9,83.21904,2.0,4.329412
/save/51-0/25/1542719525_51-0.jpg,84.4,76.796646,0.8,6.4272738
/save/67-0/98/1544441298_67-0.jpg,78.8,80.27997,4.3,4.874618
/save/VP1201-0/2/1542460202_VP1201-0.jpg,37.0,56.886482,2.7,7.217284
/save/575-0/16/1548848716_575-0.jpg,99.0,95.00052,0.0,4.4847636
/save/757-1/30/1542804630_757-1.jpg,99.1,103.51356,-2.2,-1.15962
/save/757-1/30/1542544230_757-1.jpg,65.3,91.56319,-0.3,2.919043
/save/1215-0/20/1551957920_1215-0.jpg,54.1,67.8766,13.4,7.3954587
/save/258-0/56/1551010056_258-0.jpg,45.8,68.69261,9.2,8.899837
/save/150-1/15/1549107015_150-1.jpg,63.6,74.47575,11.5,8.516493
/save/569-0/9/1548592809_569-0.jpg,88.0,97.33281,5.0,6.617782
/save/1881-0/40/1552308840_1881-0.jpg,53.9,54.251488,6.1,10.683
/save/68-0/15/1543585515_68-0.jpg,43.5,58.32282,-2.0,1.2476695
/save/179-0/36/1544789436_179-0.jpg,91.0,93.87793,0.2,3.4188244
/save/575-1/25/1545133525_575-1.jpg,99.0,78.28571,0.8,2.703968
/save/569-0/29/1549194329_569-0.jpg,96.6,93.56937,0.2,4.8524337
/save/2445-0/31/1552225531_2445-0.jpg,54.8,75.86861,8.0,8.820618
/save/1093-0/56/1549457256_1093-0.jpg,55.1,60.898125,4.0,5.240448
/save/1061-0/30/1544880630_1061-0.jpg,93.1,92.42793,0.5,3.2866428
/save/195-0/10/1545913810_195-0.jpg,99.4,97.72583,6.6,7.435531
/save/495-2/50/1545135050_495-2.jpg,80.8,74.53503,2.6,3.8952901
/save/51-0/13/1544182213_51-0.jpg,97.4,95.27611,11.1,13.431954
/save/2014-1/1/1545914101_2014-1.jpg,99.9,98.570076,6.4,5.8409696
/save/55-1/6/1552221606_55-1.jpg,78.3,73.02084,6.3,8.062873
/save/258-0/56/1551616356_258-0.jpg,87.6,82.612045,8.9,8.629653
/save/1215-0/18/1552388718_1215-0.jpg,80.7,71.86676,2.9,6.364753
/save/67-0/97/1544442497_67-0.jpg,79.1,83.00003,4.2,6.3821383
/save/609-0/38/1546256438_609-0.jpg,90.8,83.94298,3.2,5.376826
/save/296-0/8/1549717508_296-0.jpg,57.6,66.78927,9.7,7.655428
/save/296-0/32/1548242732_296-0.jpg,88.4,90.493195,-7.7,-4.5793195
/save/575-1/33/1546263933_575-1.jpg,99.0,96.5329,1.5,4.453343
/save/2014-1/1/1546085401_2014-1.jpg,95.2,99.813034,4.9,6.2121506
/save/697-1/57/1544703157_697-1.jpg,92.7,79.34318,1.9,6.2167935
/save/757-1/3/1543757403_757-1.jpg,83.3,82.997795,2.5,2.1566567
/save/296-0/5/1551533105_296-0.jpg,73.4,65.31632,4.5,8.917138
/save/495-2/51/1546347051_495-2.jpg,82.3,73.106575,4.3,6.0442185
/save/1082-0/31/1552309531_1082-0.jpg,41.6,43.8245,7.4,8.724174
/save/569-1/10/1542023010_569-1.jpg,70.9,70.70432,13.8,15.991298
/save/1091-0/0/1542462300_1091-0.jpg,63.1,51.497074,7.4,6.7622585
/save/495-2/51/1545139851_495-2.jpg,81.9,72.48585,2.5,1.4325705
/save/VP1201-0/2/1542455402_VP1201-0.jpg,44.0,64.505066,2.1,3.9568818
/save/2445-0/45/1549806345_2445-0.jpg,92.8,95.825874,6.3,10.269629
/save/258-0/56/1551268356_258-0.jpg,58.2,62.21068,12.2,9.838513
/save/232-0/13/1545915013_232-0.jpg,99.9,110.17142,2.1,0.8374551
/save/1090-0/59/1542980859_1090-0.jpg,99.3,102.16925,3.2,8.022027
/save/585-0/57/1552136557_585-0.jpg,66.2,66.026184,9.8,12.002701
/save/1686-0/60/1542627760_1686-0.jpg,86.4,84.04514,-1.8,-0.016696636
/save/757-1/3/1543753803_757-1.jpg,82.1,84.02553,2.5,2.5941727
/save/1242-0/21/1549889421_1242-0.jpg,80.1,79.7202,4.3,7.4629393
/save/1960-1/1/1545565501_1960-1.jpg,99.6,102.51303,3.5,5.11483
/save/1093-0/56/1548848856_1093-0.jpg,91.0,91.91404,0.9,0.40657026
/save/1215-0/25/1551879925_1215-0.jpg,55.9,67.36595,9.9,6.4867635
/save/283-0/59/1549107359_283-0.jpg,1.5,-0.18680811,11.6,5.302977
/save/575-1/28/1546256728_575-1.jpg,98.3,100.77721,2.1,5.2099395
/save/296-0/4/1551702304_296-0.jpg,46.1,43.952305,13.9,17.662794
/save/759-0/2/1550321102_759-0.jpg,29.6,32.414978,12.5,13.697337
/save/1488-0/8/1549278908_1488-0.jpg,98.8,93.98598,-0.1,-0.012852851
/save/VP1203-0/2/1551529802_VP1203-0.jpg,57.0,66.25313,3.1,5.983524
/save/1991-1/57/1548155557_1991-1.jpg,83.4,78.728424,-3.1,-2.484593
/save/1242-0/20/1552138220_1242-0.jpg,92.5,85.79207,6.1,6.07149
/save/137-0/23/1551699123_137-0.jpg,57.0,58.145855,14.3,11.235093
/save/VP1201-0/3/1542981003_VP1201-0.jpg,89.0,93.131874,1.8,4.2321243
/save/146-0/16/1544011816_146-0.jpg,71.7,67.80275,1.8,8.816622
/save/296-0/17/1549459517_296-0.jpg,71.3,58.590714,2.5,4.0552573
/save/2014-1/0/1545478500_2014-1.jpg,99.9,99.440796,4.4,3.59263
/save/757-1/2/1542196202_757-1.jpg,86.5,91.067,7.1,8.112726
/save/119-0/60/1547464260_119-0.jpg,65.8,65.97377,2.4,4.748771
/save/68-0/14/1544190614_68-0.jpg,99.9,92.41408,6.9,8.107031
/save/344-0/68/1549885968_344-0.jpg,88.4,77.857025,3.1,6.1457005
/save/2013-0/10/1542886510_2013-0.jpg,91.6,97.42432,-0.7,4.348013
/save/119-0/81/1549025581_119-0.jpg,86.0,92.09524,0.2,1.193897
/save/1091-0/19/1543839919_1091-0.jpg,99.5,97.75433,13.9,14.725395
/save/575-0/14/1547728214_575-0.jpg,41.6,46.368683,7.0,8.571252
/save/1090-0/58/1542629258_1090-0.jpg,94.7,100.059586,6.8,12.627698
/save/1242-0/21/1552223721_1242-0.jpg,42.2,70.551155,9.3,8.120629
/save/494-0/9/1548156609_494-0.jpg,99.1,76.516815,-5.0,3.8543139
/save/195-0/9/1544795409_195-0.jpg,79.9,88.91133,0.0,6.5096717
/save/296-0/33/1548248733_296-0.jpg,87.9,86.94583,-7.1,-1.0899956
/save/1881-0/83/1550059983_1881-0.jpg,99.2,92.19455,2.4,7.7981586
/save/1488-0/11/1548760511_1488-0.jpg,89.7,90.98608,0.9,1.7499073
/save/146-0/0/1543409100_146-0.jpg,73.8,78.82127,-1.7,1.8980417
/save/758-1/76/1548158676_758-1.jpg,62.2,72.195595,-3.4,-3.4038882
/save/296-0/4/1552308304_296-0.jpg,75.3,79.41547,4.3,11.59913
/save/1239-0/51/1543149051_1239-0.jpg,72.0,74.2226,7.2,4.13272
/save/697-1/57/1544704357_697-1.jpg,94.0,85.75424,1.7,4.141419
/save/67-0/13/1545053313_67-0.jpg,85.5,84.822266,-0.3,1.0125165
/save/1991-1/61/1549633961_1991-1.jpg,70.7,67.06537,4.4,5.0545864
/save/346-0/92/1543753592_346-0.jpg,89.0,83.77153,4.5,8.174883
/save/759-0/1/1552476601_759-0.jpg,60.8,68.953094,2.8,2.2444167
/save/65-1/93/1547640493_65-1.jpg,82.4,75.5612,7.6,9.233021
/save/150-1/67/1548242167_150-1.jpg,94.9,93.3853,-5.5,-1.7209139
/save/1437-0/43/1550838243_1437-0.jpg,44.1,36.892326,-1.6,4.1441684
/save/283-0/22/1547555522_283-0.jpg,1.3,7.910302,2.5,3.0219088
/save/1067-0/59/1546342359_1067-0.jpg,72.8,95.51702,7.4,5.451262
/save/575-0/30/1548849930_575-0.jpg,99.0,103.90933,0.0,4.096151
/save/759-0/38/1549115138_759-0.jpg,67.5,69.71306,8.3,9.208446
/save/1067-0/58/1544879558_1067-0.jpg,94.8,95.450485,0.3,2.359141
/save/697-1/57/1545051157_697-1.jpg,91.5,89.92894,-0.4,2.2416022
/save/1215-0/26/1551359126_1215-0.jpg,60.9,68.06339,11.1,7.371302
/save/296-0/88/1548680588_296-0.jpg,61.0,59.785057,5.7,8.153936
/save/494-0/7/1548765007_494-0.jpg,93.9,92.72558,2.1,4.692496
/save/1960-1/1/1545313501_1960-1.jpg,99.6,100.98706,-1.0,2.442765
/save/1991-1/61/1549631561_1991-1.jpg,71.0,70.45768,4.2,4.609465
/save/51-0/40/1542973940_51-0.jpg,81.8,75.46773,6.8,8.093068
/save/1082-0/48/1549806348_1082-0.jpg,67.4,63.72775,4.3,6.251835
/save/1960-1/0/1545398700_1960-1.jpg,82.1,94.91653,6.6,7.379626
/save/495-2/44/1545564344_495-2.jpg,90.1,81.46345,3.6,6.1244626
/save/495-2/50/1545221450_495-2.jpg,70.6,68.60648,0.0,1.4141004
/save/150-1/18/1549199318_150-1.jpg,97.0,93.09455,0.2,3.4419513
/save/1090-0/57/1542198457_1090-0.jpg,92.2,94.97499,12.7,12.461071
/save/1991-1/62/1549110762_1991-1.jpg,69.3,77.657326,9.6,8.078668
/save/VP1203-0/2/1551527402_VP1203-0.jpg,57.0,57.087997,3.1,7.3324423
/save/232-0/13/1545567013_232-0.jpg,99.9,98.15971,1.4,5.317209
/save/1488-0/17/1547121317_1488-0.jpg,93.3,95.84772,-6.8,-0.75648135
/save/119-0/22/1548852722_119-0.jpg,90.1,94.375015,0.5,2.0745742
/save/VP1203-0/2/1551012002_VP1203-0.jpg,48.0,53.553764,1.5,6.655968
/save/1437-0/22/1549804322_1437-0.jpg,66.2,53.8404,8.7,10.71054
/save/283-0/59/1549365159_283-0.jpg,1.3,2.6799386,2.2,3.566242
/save/55-1/28/1550839828_55-1.jpg,41.5,56.97271,-1.0,4.0890765
/save/1157-0/15/1547125515_1157-0.jpg,90.0,93.493286,-2.9,0.06936175
/save/1090-0/58/1542972458_1090-0.jpg,99.4,102.533325,2.6,8.582297
/save/55-1/63/1550664963_55-1.jpg,85.8,82.21178,5.5,3.9476027
/save/1091-0/0/1542368700_1091-0.jpg,69.8,71.287636,10.7,8.311984
/save/2014-1/0/1545311700_2014-1.jpg,99.9,97.78472,-2.3,0.23837692
/save/575-1/30/1545918330_575-1.jpg,99.0,105.1142,4.9,6.6446295
/save/137-0/32/1551186732_137-0.jpg,50.2,50.86966,9.8,8.819181
/save/296-0/11/1549624811_296-0.jpg,68.4,66.92165,5.8,2.8513927
/save/2013-0/9/1542544509_2013-0.jpg,99.9,98.84065,3.7,5.8803935
/save/575-1/25/1545045925_575-1.jpg,99.0,96.0759,-4.1,-0.28788918
/save/759-0/1/1549973101_759-0.jpg,99.0,90.677704,-2.2,1.9240682
/save/2013-0/0/1543666500_2013-0.jpg,64.7,74.683945,-4.1,2.6545248
/save/494-0/6/1547991006_494-0.jpg,99.0,94.77386,-2.7,-2.410225
/save/1437-0/20/1551706320_1437-0.jpg,47.5,45.763206,16.2,16.9907
/save/585-0/57/1551096157_585-0.jpg,46.9,53.89988,13.1,12.705794
/save/1960-1/0/1545912300_1960-1.jpg,99.6,102.93151,5.3,5.3789015
/save/495-2/48/1546084248_495-2.jpg,84.2,87.93198,4.5,6.256942
/save/258-0/56/1550408256_258-0.jpg,78.4,82.16562,8.5,9.165639
/save/1521-0/19/1549452819_1521-0.jpg,96.0,85.35328,4.6,3.7515311
/save/609-0/52/1544786052_609-0.jpg,88.4,86.23526,0.4,2.0105078
/save/1082-0/40/1552045540_1082-0.jpg,29.0,45.571815,15.8,13.124712
/save/1157-0/17/1547214317_1157-0.jpg,69.6,72.58662,-2.6,-0.2919082
/save/759-0/1/1549539001_759-0.jpg,33.8,36.02544,5.0,4.367787
/save/1239-0/37/1542634237_1239-0.jpg,91.7,85.05414,-0.4,-0.5631954
/save/569-1/80/1542288880_569-1.jpg,81.7,78.332054,9.2,10.283396
/save/585-0/57/1550236957_585-0.jpg,46.9,41.758827,12.8,16.439362
/save/1488-0/44/1549455344_1488-0.jpg,77.5,72.44002,2.6,5.412166
/save/494-0/16/1548075016_494-0.jpg,99.1,81.29795,-4.0,0.17108399
/save/55-1/83/1550402283_55-1.jpg,84.2,72.080055,7.6,7.409366
/save/346-0/14/1543061114_346-0.jpg,99.9,94.01416,2.9,5.1456275
/save/1686-0/59/1542542259_1686-0.jpg,57.4,64.91113,1.4,4.1931386
/save/1960-1/0/1545567900_1960-1.jpg,99.6,105.458374,3.5,6.0953712
/save/VP1201-0/2/1542283802_VP1201-0.jpg,71.0,67.26503,7.8,10.513636
/save/192-0/40/1551614040_192-0.jpg,71.8,69.74583,5.1,7.2282186
/save/1242-0/20/1549806620_1242-0.jpg,57.3,62.71286,8.4,9.862786
/save/569-1/72/1543843372_569-1.jpg,94.0,94.59192,11.8,11.005983
/save/2014-1/0/1546260900_2014-1.jpg,99.9,101.25536,3.5,6.6891427
/save/58-0/28/1547387528_58-0.jpg,86.3,77.99458,5.6,8.021056
/save/758-1/68/1547290868_758-1.jpg,98.5,104.21302,0.2,0.32217818
/save/1067-0/58/1544788358_1067-0.jpg,89.2,95.12528,-0.2,1.4425032
/save/2445-0/67/1551010267_2445-0.jpg,36.5,53.22715,8.9,7.1494656
/save/494-0/15/1548504615_494-0.jpg,99.0,100.036415,-3.1,1.1173224
/save/2014-1/0/1544618700_2014-1.jpg,99.9,97.39286,0.8,4.0926776
/save/575-1/24/1545308724_575-1.jpg,99.0,102.03813,-2.1,-0.16805905
/save/1454-0/57/1547465557_1454-0.jpg,82.4,89.21615,1.4,3.8718195
/save/VP1004-0/4/1545392404_VP1004-0.jpg,84.0,86.95384,2.4,5.0896673
/save/VP1004-0/4/1546176004_VP1004-0.jpg,98.0,92.11951,5.0,5.191769
/save/1881-0/40/1552049640_1881-0.jpg,33.0,44.340473,15.6,12.921475
/save/575-0/28/1548678328_575-0.jpg,99.0,110.842125,0.4,0.3809169
/save/1490-0/80/1549107180_1490-0.jpg,76.0,80.44409,7.8,8.459037
/save/758-1/66/1548336466_758-1.jpg,90.5,96.97588,-7.1,-5.556608
/save/296-0/10/1549976710_296-0.jpg,53.5,56.22505,4.8,8.779922
/save/258-0/55/1552226255_258-0.jpg,62.9,74.96844,7.7,8.864394
/save/585-0/58/1549803758_585-0.jpg,71.8,79.12326,9.2,10.047502
/save/VP1201-0/2/1544015402_VP1201-0.jpg,81.0,82.73622,1.6,4.431379
/save/1686-0/60/1543153060_1686-0.jpg,84.7,77.41471,4.8,2.5170722
/save/1090-0/59/1542977559_1090-0.jpg,99.3,102.09157,3.2,8.214979
/save/146-0/1/1542627001_146-0.jpg,85.0,78.67624,-1.1,4.5244455
/save/1091-0/22/1543584322_1091-0.jpg,65.7,78.75977,3.2,3.7234185
/save/569-1/17/1542805017_569-1.jpg,89.3,91.12685,0.1,3.0030675
/save/VP1201-0/2/1543663802_VP1201-0.jpg,69.0,75.35463,-3.4,2.4891999
/save/259-1/55/1551701855_259-1.jpg,63.7,85.902,12.5,10.406991
/save/1437-0/41/1550753041_1437-0.jpg,99.9,100.22897,6.2,7.6019454
/save/1091-0/0/1543058700_1091-0.jpg,95.8,100.071884,7.5,5.7875466
/save/1991-1/62/1548507162_1991-1.jpg,77.7,64.418335,-3.0,1.7948654
/save/1067-0/58/1544441558_1067-0.jpg,82.1,96.30711,4.7,5.503798
/save/575-0/25/1549370725_575-0.jpg,70.2,63.924854,3.6,8.4844055
/save/495-2/49/1544448649_495-2.jpg,72.8,73.78214,4.5,4.158429
/save/1991-1/61/1549279961_1991-1.jpg,81.3,76.48482,2.2,5.0123277
/save/495-2/44/1545832244_495-2.jpg,82.3,79.67655,3.8,5.4437222
/save/258-0/56/1552303956_258-0.jpg,90.1,84.36064,2.4,7.345008
/save/2445-0/34/1551788434_2445-0.jpg,70.5,92.365326,7.6,9.097145
/save/67-0/50/1544882050_67-0.jpg,81.3,83.777626,-1.2,0.39999467
/save/494-0/15/1548328215_494-0.jpg,99.1,95.299866,-7.0,-3.2593522
/save/1960-1/0/1544786700_1960-1.jpg,99.7,98.78601,-0.6,4.745501
/save/495-2/51/1546348251_495-2.jpg,78.0,75.931435,4.7,7.0707703
/save/55-1/1/1551101801_55-1.jpg,71.3,66.40969,8.0,6.9277186
/save/1686-0/60/1543929760_1686-0.jpg,85.0,80.70297,4.2,7.709886
/save/1437-0/40/1552479240_1437-0.jpg,76.8,65.996414,6.0,11.680604
/save/344-0/22/1552307522_344-0.jpg,42.0,53.327667,6.5,8.336342
/save/1960-1/0/1545650700_1960-1.jpg,99.7,96.02777,1.0,5.426113
/save/179-0/42/1545391842_179-0.jpg,99.9,97.23495,2.3,-0.3760087
/save/344-0/22/1552138322_344-0.jpg,64.8,62.580994,9.0,8.084387
/save/1490-0/80/1549114380_1490-0.jpg,69.0,64.242485,9.6,8.407444
/save/1082-0/43/1549887943_1082-0.jpg,61.0,64.229385,7.1,7.006134
/save/851-0/58/1548330458_851-0.jpg,74.5,86.612946,-6.0,-3.3397756
/save/2014-1/1/1545659701_2014-1.jpg,99.9,98.40234,-0.7,1.056917
/save/1194-1/40/1546175640_1194-1.jpg,99.9,103.1991,3.9,7.688566
/save/VP1004-0/4/1545222004_VP1004-0.jpg,86.0,87.870895,-0.6,2.442032
/save/2014-1/1/1545484501_2014-1.jpg,99.9,103.790924,3.6,5.367601
/save/67-0/93/1546000093_67-0.jpg,94.1,88.00531,3.8,6.8088775
/save/2445-0/43/1551354343_2445-0.jpg,67.8,61.726192,10.3,7.5195007
/save/51-0/22/1543579322_51-0.jpg,82.3,87.661095,1.3,6.5407696
/save/697-1/58/1544443958_697-1.jpg,82.5,71.205185,5.2,7.410023
/save/258-0/55/1549887455_258-0.jpg,81.9,79.28255,3.7,7.855848
/save/609-0/96/1545051396_609-0.jpg,84.0,91.47878,0.6,1.7902639
/save/1157-0/38/1549802738_1157-0.jpg,52.0,40.28627,10.6,10.4408655
/save/137-0/40/1552218840_137-0.jpg,61.0,62.812534,6.3,7.345243
/save/1881-0/25/1551012125_1881-0.jpg,43.7,46.78577,5.1,7.305813
/save/1082-0/34/1552395034_1082-0.jpg,44.3,54.634056,5.5,7.6881895
/save/346-0/24/1544184324_346-0.jpg,99.9,86.74878,10.1,8.183368
/save/150-1/73/1547214373_150-1.jpg,68.2,67.82262,-1.8,1.2351787
/save/296-0/5/1552394705_296-0.jpg,66.2,60.52764,5.8,8.045796
/save/283-0/21/1548769021_283-0.jpg,1.3,0.60675144,2.3,4.738429
/save/146-0/13/1544097913_146-0.jpg,48.6,64.79341,4.5,9.022533
/save/1067-0/58/1544445158_1067-0.jpg,96.3,95.08601,3.1,5.8000436
/save/757-1/1/1544011801_757-1.jpg,95.6,88.991585,0.0,5.430503
/save/1157-0/37/1549713937_1157-0.jpg,56.2,54.858757,6.6,9.043227
/save/346-0/15/1543410315_346-0.jpg,70.3,69.64445,3.0,1.6797602
/save/1488-0/22/1548855322_1488-0.jpg,98.7,91.8195,-0.1,2.536936
/save/1488-0/10/1548502210_1488-0.jpg,82.4,85.59093,-4.2,-2.5240843
/save/259-1/55/1550833355_259-1.jpg,53.9,63.377983,1.3,4.8693595
/save/1093-0/56/1547812056_1093-0.jpg,66.2,74.8724,2.2,-1.9552226
/save/1991-1/58/1548853958_1991-1.jpg,93.6,87.19017,2.4,4.361769
/save/283-0/79/1548075279_283-0.jpg,1.3,7.1402025,-1.2,0.82205784
/save/1181-0/75/1551353675_1181-0.jpg,35.2,43.92639,13.6,9.489023
/save/575-1/31/1546173931_575-1.jpg,98.5,98.39807,3.9,5.297007
/save/569-0/94/1549110094_569-0.jpg,97.0,91.957634,2.1,5.3623414
/save/1067-0/58/1544791958_1067-0.jpg,87.2,96.275055,-0.2,1.0175078
/save/2445-0/29/1551618329_2445-0.jpg,99.7,101.11047,8.7,7.1106706
/save/296-0/32/1547379932_296-0.jpg,95.0,77.36436,4.6,11.122728
/save/119-0/68/1549457468_119-0.jpg,72.1,69.36641,4.1,3.5416915
/save/192-0/42/1550147642_192-0.jpg,70.9,69.1487,4.5,7.1877065
/save/569-1/50/1544188850_569-1.jpg,96.5,100.0499,10.2,11.097061
/save/2445-0/32/1552217132_2445-0.jpg,68.0,76.157326,6.8,8.363913
/save/1067-0/59/1545827559_1067-0.jpg,77.5,86.753006,6.2,4.5080223
/save/119-0/86/1549797186_119-0.jpg,63.1,76.05296,8.0,1.6391671
/save/1991-1/61/1547552861_1991-1.jpg,77.0,79.79725,0.2,1.4507236
/save/1488-0/19/1547554519_1488-0.jpg,75.1,78.660934,0.2,1.9676981
/save/1881-0/46/1551099246_1881-0.jpg,57.3,50.165527,10.2,9.168838
/save/1488-0/18/1547904918_1488-0.jpg,71.8,71.66027,-1.3,-0.13005537
/save/569-1/91/1542285291_569-1.jpg,76.4,87.16147,10.6,12.3357525
/save/759-0/1/1551444601_759-0.jpg,98.7,90.67781,3.8,4.526134
/save/195-0/10/1544700610_195-0.jpg,90.7,91.86229,2.3,5.4820094
/save/609-0/75/1545654275_609-0.jpg,89.6,92.98521,0.4,5.7405353
/save/67-0/49/1546260349_67-0.jpg,88.5,79.41173,1.9,4.6196346
/save/1157-0/17/1547127917_1157-0.jpg,90.2,89.8967,-3.1,-0.064588726
/save/VP1203-0/2/1549806602_VP1203-0.jpg,48.0,77.40581,9.8,7.7753773
/save/68-0/19/1543753819_68-0.jpg,88.8,78.55504,1.1,2.478101
/save/68-0/15/1543931415_68-0.jpg,99.5,92.075455,6.7,8.287855
/save/1881-0/83/1550319183_1881-0.jpg,99.2,87.648926,3.6,7.2807317
/save/759-0/29/1547811929_759-0.jpg,77.5,77.97784,-0.4,-1.718863
/save/1242-0/23/1550235023_1242-0.jpg,69.6,62.98564,8.2,10.305551
/save/344-0/22/1552135922_344-0.jpg,64.6,67.22626,8.4,7.421382
/save/759-0/2/1550922602_759-0.jpg,48.1,45.531975,-3.0,-2.4680655
/save/575-0/23/1549026323_575-0.jpg,62.0,60.539238,4.7,6.747078
/save/53-0/5/1543322905_53-0.jpg,70.2,80.16261,1.2,7.651729
/save/1437-0/21/1550233921_1437-0.jpg,84.4,86.24484,8.1,10.0580435
/save/55-1/98/1550403398_55-1.jpg,85.4,72.0107,7.2,8.064908
/save/119-0/22/1547118722_119-0.jpg,78.9,92.61847,-5.8,-4.474088
/save/697-1/57/1544967157_697-1.jpg,80.4,82.071655,-0.2,2.0199468
/save/495-2/52/1546258252_495-2.jpg,77.1,81.78682,3.1,5.379909
/save/2445-0/29/1552220729_2445-0.jpg,67.1,59.518753,7.7,7.9165053
/save/259-1/56/1552390356_259-1.jpg,86.2,87.65486,3.9,8.568184
/save/VP1004-0/4/1545914404_VP1004-0.jpg,94.0,86.98193,6.0,2.2264116
/save/1194-1/40/1546348440_1194-1.jpg,99.9,107.35493,6.2,7.6382084
/save/344-0/57/1550750557_344-0.jpg,56.6,60.153114,9.4,9.433882
/save/1437-0/94/1551099094_1437-0.jpg,78.2,84.352394,6.2,9.211426
/save/697-1/57/1544873557_697-1.jpg,95.3,93.29361,0.1,3.0118678
/save/2445-0/40/1550063140_2445-0.jpg,99.7,110.89505,6.4,6.921861
/save/575-0/27/1547383527_575-0.jpg,99.0,102.01332,2.7,4.7999797
/save/1454-0/60/1547293660_1454-0.jpg,94.6,99.77826,0.8,2.0016978
/save/495-2/49/1546261849_495-2.jpg,80.1,71.48045,3.1,5.8340125
/save/569-1/51/1542548551_569-1.jpg,95.9,93.434616,0.4,2.663268
/save/146-0/0/1543148700_146-0.jpg,88.3,88.07043,5.8,5.1112876
/save/494-0/7/1548767407_494-0.jpg,95.0,91.10933,2.1,4.469006
/save/1157-0/21/1549373121_1157-0.jpg,59.2,52.034615,6.3,9.647078
/save/146-0/0/1542455100_146-0.jpg,70.0,59.243267,1.5,10.583167
/save/2014-1/0/1545141300_2014-1.jpg,97.2,102.58476,-1.5,0.39465505
/save/1490-0/20/1547118720_1490-0.jpg,86.9,94.194885,-4.9,-1.0199158
/save/759-0/2/1549626602_759-0.jpg,65.4,57.90879,3.2,5.6342916
/save/575-1/22/1544959522_575-1.jpg,99.0,108.813156,-0.6,-0.15647429
/save/1061-0/27/1544443827_1061-0.jpg,99.0,103.71332,4.1,5.560075
/save/119-0/82/1548677582_119-0.jpg,67.8,73.89671,3.0,1.8090737
/save/569-0/75/1548505275_569-0.jpg,96.6,99.58475,0.5,1.1060812
/save/1093-0/56/1548074556_1093-0.jpg,90.1,79.30816,-4.7,-6.598634
/save/179-0/38/1544790638_179-0.jpg,91.4,95.35094,0.3,3.7125812
/save/609-0/1/1545996201_609-0.jpg,99.1,94.92236,6.7,5.7323413
/save/569-0/44/1548761044_569-0.jpg,94.7,87.26233,0.2,6.320641
/save/1082-0/72/1551016272_1082-0.jpg,32.1,40.221573,2.5,5.251539
/save/2013-0/0/1544012700_2013-0.jpg,90.8,80.385956,3.8,3.8981504
/save/1181-0/86/1550144786_1181-0.jpg,57.9,56.91954,9.1,10.663017
/save/179-0/80/1546169580_179-0.jpg,99.9,107.64984,4.4,8.143773
/save/1215-0/19/1552308319_1215-0.jpg,99.2,102.08101,3.0,2.5863447
/save/58-0/5/1548337805_58-0.jpg,84.6,78.18357,-4.0,-2.584916
/save/494-0/20/1549461020_494-0.jpg,54.8,59.31771,2.3,6.4241548
/save/346-0/17/1543325117_346-0.jpg,76.4,74.412994,0.8,6.5900607
/save/851-0/58/1548328058_851-0.jpg,75.9,87.89479,-6.2,-2.3053253
/save/575-0/35/1548679535_575-0.jpg,99.0,108.161385,0.2,1.6862576
