imgPath,True Temperature,Predicted Temperature
/save/1093-0/59/1547644059_1093-0.jpg,3.3,2.746789
/save/1242-0/21/1550749821_1242-0.jpg,6.2,4.0906277
/save/67-0/20/1545653420_67-0.jpg,0.0,5.116804
/save/1881-0/44/1550920444_1881-0.jpg,-1.9,-3.17314
/save/1215-0/46/1551016246_1215-0.jpg,7.7,5.192235
/save/VP1201-0/3/1542719403_VP1201-0.jpg,-1.5,-0.8860499
/save/346-0/14/1542803114_346-0.jpg,-0.1,0.404986
/save/55-1/64/1552046164_55-1.jpg,13.3,8.409577
/save/494-0/13/1547812213_494-0.jpg,1.2,3.1219723
/save/51-0/6/1542454106_51-0.jpg,2.5,4.8335137
/save/2014-1/0/1545911700_2014-1.jpg,6.3,5.2665176
/save/575-1/24/1545393924_575-1.jpg,4.4,5.1192923
/save/1242-0/20/1552389020_1242-0.jpg,5.0,8.561925
/save/283-0/25/1547469125_283-0.jpg,2.8,2.4510112
/save/119-0/63/1547293863_119-0.jpg,1.4,2.1942136
/save/55-1/64/1549978564_55-1.jpg,2.6,2.9372659
/save/2445-0/29/1552395929_2445-0.jpg,5.3,8.383925
/save/1881-0/82/1551870782_1881-0.jpg,7.2,7.9868345
/save/1454-0/56/1548155556_1454-0.jpg,-3.4,-0.27011302
/save/VP1203-0/2/1550754002_VP1203-0.jpg,9.0,8.656965
/save/1239-0/32/1542808232_1239-0.jpg,-0.8,0.5828633
/save/1881-0/42/1551960842_1881-0.jpg,13.2,11.950752
/save/283-0/87/1547811287_283-0.jpg,2.0,1.94624
/save/609-0/22/1546173722_609-0.jpg,4.3,2.3216877
/save/575-1/23/1544965523_575-1.jpg,-1.0,-0.105865754
/save/1686-0/60/1542806260_1686-0.jpg,-1.2,-2.1536977
/save/346-0/16/1542462316_346-0.jpg,3.0,5.8083873
/save/1960-1/0/1545053100_1960-1.jpg,-2.1,-1.9625626
/save/67-0/90/1546085290_67-0.jpg,4.2,5.0165215
/save/575-0/12/1549111512_575-0.jpg,9.6,4.2803655
/save/1157-0/36/1549716336_1157-0.jpg,6.5,6.784608
/save/258-0/56/1551183156_258-0.jpg,8.3,7.6132
/save/179-0/80/1546342380_179-0.jpg,6.1,5.710271
/save/1488-0/32/1549371332_1488-0.jpg,1.1,-0.6982345
/save/179-0/47/1545827447_179-0.jpg,5.1,4.640217
/save/119-0/84/1549626684_119-0.jpg,6.8,6.7451468
/save/759-0/28/1547467528_759-0.jpg,-2.2,-2.067665
/save/759-0/1/1551617401_759-0.jpg,5.7,5.1651525
/save/1181-0/51/1552134351_1181-0.jpg,9.1,9.436939
/save/1093-0/56/1547123256_1093-0.jpg,-4.3,-3.2317548
/save/851-0/58/1547214458_851-0.jpg,-7.6,-5.7095118
/save/1490-0/20/1549367520_1490-0.jpg,1.6,4.7539806
/save/51-0/24/1542108124_51-0.jpg,11.9,10.842899
/save/1067-0/59/1545570759_1067-0.jpg,6.6,5.5050516
/save/296-0/14/1550919614_296-0.jpg,2.2,9.126684
/save/575-1/22/1545138322_575-1.jpg,0.8,-0.49580315
/save/569-0/53/1549624853_569-0.jpg,7.3,2.8173118
/save/1061-0/27/1544704227_1061-0.jpg,0.4,-0.5056843
/save/2014-1/0/1545486900_2014-1.jpg,3.2,3.6648784
/save/195-0/9/1546002609_195-0.jpg,5.5,4.3845186
/save/697-1/57/1544445157_697-1.jpg,5.1,5.7825093
/save/259-1/55/1551793055_259-1.jpg,6.7,6.208542
/save/283-0/52/1549625552_283-0.jpg,8.4,5.765502
/save/2445-0/31/1551531931_2445-0.jpg,4.6,7.8652077
/save/65-1/90/1548076090_65-1.jpg,-1.5,-1.7693509
/save/68-0/20/1544016620_68-0.jpg,2.4,2.2236862
/save/575-0/25/1547640325_575-0.jpg,3.2,3.8445363
/save/55-1/65/1551273365_55-1.jpg,8.9,5.8619137
/save/2014-1/1/1545653701_2014-1.jpg,-0.7,-0.112357296
/save/258-0/56/1550667456_258-0.jpg,7.9,7.55675
/save/1181-0/79/1550323779_1181-0.jpg,10.1,9.220147
/save/759-0/26/1547298326_759-0.jpg,0.3,0.06574484
/save/1521-0/22/1549367722_1521-0.jpg,2.6,0.68845683
/save/1082-0/6/1551187606_1082-0.jpg,9.9,7.587965
/save/296-0/12/1551096312_296-0.jpg,11.7,10.807474
/save/65-1/57/1547816057_65-1.jpg,0.6,0.5486029
/save/2445-0/29/1552309529_2445-0.jpg,4.7,6.1212244
/save/575-1/27/1545140727_575-1.jpg,0.7,-0.69090396
/save/575-0/32/1549631432_575-0.jpg,6.2,2.1379757
/save/569-1/32/1543326932_569-1.jpg,0.2,-0.18159798
/save/137-0/20/1551615120_137-0.jpg,6.9,6.1053014
/save/51-0/25/1544189425_51-0.jpg,6.1,6.2161107
/save/137-0/24/1550148724_137-0.jpg,6.6,6.580791
/save/55-1/78/1551878178_55-1.jpg,4.7,4.83762
/save/2445-0/33/1551871533_2445-0.jpg,8.4,9.155879
/save/757-1/42/1543491042_757-1.jpg,-4.3,-2.6565132
/save/758-1/17/1547643917_758-1.jpg,3.2,0.79175943
/save/1490-0/61/1548337861_1490-0.jpg,-1.1,5.502098
/save/VP1201-0/2/1544182202_VP1201-0.jpg,5.6,3.930865
/save/609-0/97/1546341397_609-0.jpg,6.8,3.199687
/save/137-0/42/1552397642_137-0.jpg,4.9,4.603952
/save/1239-0/52/1543409152_1239-0.jpg,-0.7,2.1296117
/save/697-1/58/1545484358_697-1.jpg,4.3,5.6126013
/save/1488-0/61/1549628161_1488-0.jpg,5.4,6.2766013
/save/1082-0/70/1551266770_1082-0.jpg,7.6,10.346657
/save/569-1/79/1542195879_569-1.jpg,10.0,8.122334
/save/VP1004-0/4/1546604404_VP1004-0.jpg,-2.2,-0.5469317
/save/VP1201-0/2/1542111002_VP1201-0.jpg,16.4,13.61252
/save/1454-0/58/1547213258_1454-0.jpg,-6.0,-3.9873977
/save/VP1004-0/4/1544613604_VP1004-0.jpg,1.7,3.540745
/save/758-1/36/1548072236_758-1.jpg,-3.7,-3.1532993
/save/2445-0/49/1550402749_2445-0.jpg,8.3,9.770226
/save/609-0/17/1544703417_609-0.jpg,1.4,-0.57634485
/save/1157-0/15/1547385915_1157-0.jpg,4.7,5.291312
/save/1061-0/30/1545136230_1061-0.jpg,0.0,-2.0450795
/save/137-0/84/1550235184_137-0.jpg,7.3,6.1569586
/save/2013-0/12/1542287712_2013-0.jpg,10.2,1.3070289
/save/1991-1/57/1547899657_1991-1.jpg,2.2,1.3023279
/save/585-0/58/1552307258_585-0.jpg,6.7,8.882259
/save/609-0/43/1545218143_609-0.jpg,0.2,1.0720196
/save/1991-1/58/1549459658_1991-1.jpg,4.7,4.032227
/save/1454-0/59/1549200759_1454-0.jpg,8.8,5.019915
/save/697-1/57/1544448757_697-1.jpg,4.6,2.933589
/save/1181-0/83/1550405283_1181-0.jpg,13.6,8.438933
/save/1215-0/29/1551361529_1215-0.jpg,10.7,6.0555387
/save/146-0/0/1542974700_146-0.jpg,2.1,2.2580495
/save/697-1/59/1545911559_697-1.jpg,6.0,5.5859656
/save/1490-0/83/1549797183_1490-0.jpg,9.6,8.765507
/save/259-1/55/1550236655_259-1.jpg,4.5,6.912717
/save/575-1/22/1546345522_575-1.jpg,3.9,3.2043798
/save/1960-1/1/1545392701_1960-1.jpg,5.3,1.8077195
/save/609-0/8/1545309908_609-0.jpg,1.2,0.90856904
/save/192-0/45/1551268445_192-0.jpg,7.9,8.500897
/save/1082-0/49/1549976749_1082-0.jpg,0.4,-0.7470004
/save/258-0/55/1550151455_258-0.jpg,8.4,7.750595
/save/1521-0/64/1548940364_1521-0.jpg,0.6,2.1127622
/save/585-0/56/1552216656_585-0.jpg,8.4,8.269755
/save/VP1203-0/1/1552132201_VP1203-0.jpg,9.0,10.799045
/save/296-0/41/1548596741_296-0.jpg,5.2,3.5873349
/save/569-1/18/1542806218_569-1.jpg,0.0,-0.046590842
/save/1067-0/59/1546174359_1067-0.jpg,4.9,5.270427
/save/1881-0/62/1552475762_1881-0.jpg,4.7,5.323941
/save/1488-0/44/1549714544_1488-0.jpg,4.8,6.4986753
/save/55-1/65/1552130165_55-1.jpg,8.2,5.443389
/save/1991-1/57/1547897257_1991-1.jpg,1.4,0.28332207
/save/1093-0/56/1548073656_1093-0.jpg,-4.8,-2.7257628
/save/1215-0/18/1552392318_1215-0.jpg,3.9,3.917778
/save/119-0/80/1548247980_119-0.jpg,-3.2,-1.5521224
/save/259-1/56/1550066256_259-1.jpg,6.9,8.089221
/save/283-0/50/1549711050_283-0.jpg,7.4,3.401948
/save/2445-0/44/1550061944_2445-0.jpg,5.7,5.2273498
/save/1215-0/19/1552484719_1215-0.jpg,7.8,3.4545991
/save/53-0/7/1543319307_53-0.jpg,1.2,6.777454
/save/259-1/56/1551006456_259-1.jpg,6.1,7.182474
/save/1061-0/30/1544963430_1061-0.jpg,-1.1,-2.8771894
/save/2445-0/32/1552047932_2445-0.jpg,11.6,11.451264
/save/1454-0/58/1548682358_1454-0.jpg,3.3,2.9608605
/save/296-0/4/1552303504_296-0.jpg,4.4,8.089437
/save/1881-0/84/1550410384_1881-0.jpg,9.4,8.325982
/save/VP1004-0/4/1545223204_VP1004-0.jpg,-1.1,0.45756575
/save/585-0/57/1551099757_585-0.jpg,13.3,12.753099
/save/1093-0/56/1547816856_1093-0.jpg,2.2,1.0957136
/save/697-1/58/1545219158_697-1.jpg,1.5,0.7907313
/save/346-0/23/1544016323_346-0.jpg,5.7,6.3704147
/save/344-0/64/1551093164_344-0.jpg,8.6,6.6637774
/save/569-1/93/1542110593_569-1.jpg,9.4,7.436462
/save/58-0/69/1547464569_58-0.jpg,2.8,3.2209885
/save/609-0/89/1545826989_609-0.jpg,5.9,2.2719178
/save/1437-0/20/1551871920_1437-0.jpg,6.4,3.705112
/save/1991-1/61/1548593561_1991-1.jpg,0.2,0.9807289
/save/851-0/58/1548337658_851-0.jpg,-5.9,-5.7219906
/save/192-0/40/1551615240_192-0.jpg,5.3,5.5651064
/save/2445-0/37/1551356737_2445-0.jpg,10.4,10.27749
/save/1067-0/57/1544881957_1067-0.jpg,0.2,1.3856227
/save/1881-0/40/1552395240_1881-0.jpg,5.6,8.090793
/save/494-0/5/1549366205_494-0.jpg,3.3,4.1022806
/save/2445-0/29/1552479929_2445-0.jpg,7.6,8.399179
/save/1194-1/80/1545996780_1194-1.jpg,5.8,5.4451385
/save/VP1203-0/2/1551619802_VP1203-0.jpg,9.7,10.511513
/save/759-0/33/1548849933_759-0.jpg,1.6,2.05459
/save/258-0/56/1551533556_258-0.jpg,4.4,6.630108
/save/585-0/56/1551266556_585-0.jpg,11.8,11.384389
/save/495-2/45/1544529045_495-2.jpg,3.4,4.508248
/save/179-0/80/1546258380_179-0.jpg,3.6,4.244071
/save/1082-0/35/1552139135_1082-0.jpg,10.6,8.158419
/save/344-0/71/1551185571_344-0.jpg,9.3,6.4180155
/save/1082-0/35/1551697535_1082-0.jpg,11.9,12.786518
/save/296-0/27/1549109127_296-0.jpg,2.9,2.5981693
/save/296-0/12/1550663112_296-0.jpg,9.1,2.9224353
/save/259-1/55/1550661455_259-1.jpg,6.1,7.425247
/save/1091-0/0/1543407900_1091-0.jpg,6.0,7.063448
/save/283-0/74/1548250474_283-0.jpg,-1.0,-0.8879346
/save/1991-1/60/1548592360_1991-1.jpg,0.2,0.951464
/save/1881-0/82/1550842582_1881-0.jpg,-1.4,-1.6854805
/save/1242-0/22/1552217722_1242-0.jpg,9.4,12.028973
/save/575-0/32/1548333932_575-0.jpg,-6.0,-5.2596607
/save/195-0/10/1544788210_195-0.jpg,-0.1,2.767903
/save/1521-0/75/1548419475_1521-0.jpg,-4.4,-1.7382238
/save/1093-0/56/1548078756_1093-0.jpg,-2.5,-2.2651088
/save/VP1203-0/2/1550143802_VP1203-0.jpg,6.2,6.316062
/save/575-0/24/1547378724_575-0.jpg,2.6,0.76359826
/save/757-1/2/1542113402_757-1.jpg,16.0,7.4339304
/save/1521-0/94/1548849294_1521-0.jpg,2.5,1.5086399
/save/1960-1/1/1545045901_1960-1.jpg,-2.8,-1.9536119
/save/51-0/83/1544182083_51-0.jpg,5.5,5.4888716
/save/2014-1/1/1544530501_2014-1.jpg,2.9,2.217478
/save/575-1/23/1544792723_575-1.jpg,-1.3,-0.34676924
/save/296-0/4/1552224304_296-0.jpg,5.5,4.612433
/save/137-0/23/1551527523_137-0.jpg,0.0,1.42148
/save/758-1/81/1547463681_758-1.jpg,0.7,-0.8590105
/save/494-0/4/1549284604_494-0.jpg,0.2,2.6060138
/save/1881-0/62/1552478162_1881-0.jpg,4.7,5.6239104
/save/179-0/37/1545138637_179-0.jpg,-0.6,-0.98965126
/save/1090-0/58/1544185958_1090-0.jpg,12.3,6.28789
/save/1488-0/21/1548248121_1488-0.jpg,-4.9,-4.3175454
/save/119-0/86/1548768786_119-0.jpg,2.3,2.9776783
/save/585-0/58/1549886558_585-0.jpg,5.9,7.426384
/save/1181-0/69/1549803969_1181-0.jpg,7.5,6.3493695
/save/1242-0/17/1550670617_1242-0.jpg,6.8,5.9364324
/save/494-0/28/1549546228_494-0.jpg,8.6,5.6904106
/save/259-1/56/1551184656_259-1.jpg,8.3,6.4608755
/save/296-0/39/1548846339_296-0.jpg,1.2,2.5401156
/save/344-0/60/1550232760_344-0.jpg,9.1,7.2097683
/save/1960-1/1/1545223501_1960-1.jpg,-2.4,-0.83443695
/save/55-1/83/1552389483_55-1.jpg,2.5,4.2024646
/save/296-0/31/1547811931_296-0.jpg,-0.1,0.043037616
/save/569-0/43/1548763443_569-0.jpg,0.6,1.6912694
/save/1067-0/58/1544793158_1067-0.jpg,-0.2,1.3973305
/save/283-0/88/1549193688_283-0.jpg,2.5,1.3206984
/save/1090-0/59/1543755159_1090-0.jpg,6.3,4.2751985
/save/1991-1/60/1547473960_1991-1.jpg,0.4,0.268514
/save/1991-1/60/1547204860_1991-1.jpg,-6.5,-3.8338337
/save/1067-0/58/1545051158_1067-0.jpg,-0.6,1.5402572
/save/759-0/29/1548421529_759-0.jpg,-6.3,-6.087056
/save/53-0/20/1543840220_53-0.jpg,4.5,4.680289
/save/1157-0/12/1549193112_1157-0.jpg,12.2,9.511111
/save/346-0/20/1542282920_346-0.jpg,6.6,6.895451
/save/51-0/92/1542203292_51-0.jpg,10.4,12.367487
/save/495-2/49/1544531449_495-2.jpg,3.1,2.7832208
/save/1488-0/19/1547470519_1488-0.jpg,-0.5,-1.3673687
/save/1686-0/59/1542112959_1686-0.jpg,11.1,8.110545
/save/VP1203-0/2/1551441002_VP1203-0.jpg,6.5,8.237744
/save/1090-0/59/1542109659_1090-0.jpg,12.0,9.3344145
/save/1157-0/12/1549110312_1157-0.jpg,10.0,10.7427845
/save/VP1203-0/1/1550064601_VP1203-0.jpg,2.7,5.166083
/save/1454-0/59/1547555259_1454-0.jpg,0.4,0.5749442
/save/585-0/58/1551526958_585-0.jpg,3.8,7.455971
/save/575-0/11/1549201511_575-0.jpg,4.3,3.067515
/save/1157-0/17/1548241517_1157-0.jpg,-4.9,-3.0793629
/save/575-1/31/1546170331_575-1.jpg,3.5,3.2974038
/save/759-0/3/1552481403_759-0.jpg,3.7,3.2183204
/save/67-0/54/1546262754_67-0.jpg,1.8,4.563227
/save/51-0/26/1542891726_51-0.jpg,0.8,0.15307233
/save/1181-0/41/1551179341_1181-0.jpg,10.2,5.6390963
/save/283-0/78/1548162878_283-0.jpg,-3.3,-0.555558
/save/1093-0/59/1549537659_1093-0.jpg,6.0,11.10253
/save/1181-0/35/1551785635_1181-0.jpg,10.0,10.362322
/save/1157-0/16/1547205916_1157-0.jpg,-2.4,-2.5806155
/save/137-0/84/1550409184_137-0.jpg,9.1,7.2333364
/save/53-0/27/1542289927_53-0.jpg,9.3,6.018114
/save/1091-0/0/1543320300_1091-0.jpg,3.3,5.531955
/save/1521-0/0/1549023200_1521-0.jpg,-0.2,0.879891
/save/1454-0/59/1549626759_1454-0.jpg,5.3,9.032715
/save/569-1/54/1544103654_569-1.jpg,4.3,2.72188
/save/494-0/15/1547473815_494-0.jpg,0.1,0.08952745
/save/569-1/72/1543842172_569-1.jpg,11.4,6.6734505
/save/1061-0/34/1545827434_1061-0.jpg,4.2,2.8447123
/save/1157-0/19/1548337819_1157-0.jpg,-5.3,-3.9640088
/save/569-1/81/1542712981_569-1.jpg,1.2,1.6859094
/save/1454-0/60/1548424360_1454-0.jpg,-5.2,-4.737856
/save/67-0/12/1544446212_67-0.jpg,1.0,2.8136506
/save/2014-1/0/1546342500_2014-1.jpg,6.5,5.103595
/save/1239-0/53/1543152653_1239-0.jpg,6.5,6.7675047
/save/585-0/57/1550146957_585-0.jpg,7.7,8.204464
/save/585-0/55/1549969355_585-0.jpg,4.9,5.255727
/save/1181-0/35/1550238635_1181-0.jpg,7.4,8.645069
/save/VP1203-0/2/1550667002_VP1203-0.jpg,7.5,8.055854
/save/137-0/47/1551273247_137-0.jpg,11.5,9.972262
/save/1490-0/83/1549716783_1490-0.jpg,6.3,6.811699
/save/195-0/8/1544793008_195-0.jpg,0.0,1.2620189
/save/759-0/2/1549456202_759-0.jpg,1.9,2.4559135
/save/1881-0/47/1551095647_1881-0.jpg,9.0,9.181672
/save/283-0/50/1549715550_283-0.jpg,8.8,5.6599035
/save/VP1203-0/1/1551874801_VP1203-0.jpg,9.8,7.4993563
/save/259-1/56/1550315856_259-1.jpg,10.8,5.4178786
/save/2445-0/30/1551528330_2445-0.jpg,4.8,6.400305
/save/1686-0/60/1543749460_1686-0.jpg,2.8,0.8999024
/save/1067-0/59/1545657159_1067-0.jpg,-0.6,2.6436133
/save/1181-0/52/1550063452_1181-0.jpg,1.8,4.300193
/save/VP1201-0/2/1543413002_VP1201-0.jpg,-0.6,0.6739237
/save/51-0/62/1543586062_51-0.jpg,0.3,4.4756103
/save/137-0/20/1551697920_137-0.jpg,14.7,12.511541
/save/569-0/81/1549801481_569-0.jpg,8.2,3.481646
/save/179-0/37/1545743437_179-0.jpg,1.4,2.4907002
/save/1215-0/31/1550145931_1215-0.jpg,8.2,5.958008
/save/1490-0/20/1548507120_1490-0.jpg,-2.7,-1.1089921
/save/1181-0/35/1551614935_1181-0.jpg,8.1,9.127858
/save/67-0/97/1544622497_67-0.jpg,0.4,0.4913443
/save/757-1/2/1542021002_757-1.jpg,17.1,10.710487
/save/296-0/8/1549710308_296-0.jpg,9.0,5.2290554
/save/1082-0/39/1551447939_1082-0.jpg,8.6,9.6155815
/save/258-0/55/1552483055_258-0.jpg,8.4,7.179413
/save/1521-0/85/1548415885_1521-0.jpg,-4.6,-1.9590249
/save/258-0/55/1550057855_258-0.jpg,7.4,6.8200436
/save/258-0/54/1550144254_258-0.jpg,7.0,7.858483
/save/757-1/1/1543931401_757-1.jpg,5.8,1.0942038
/save/2445-0/31/1552475131_2445-0.jpg,7.0,11.005765
/save/68-0/24/1543326624_68-0.jpg,1.0,1.7311339
/save/283-0/20/1547551920_283-0.jpg,2.2,-0.09987823
/save/296-0/32/1547556332_296-0.jpg,2.2,2.7464244
/save/65-1/0/1549196200_65-1.jpg,2.6,2.99479
/save/1082-0/8/1551186408_1082-0.jpg,9.7,10.062596
/save/VP1201-0/2/1543408202_VP1201-0.jpg,-0.5,0.30369207
/save/258-0/56/1550066256_258-0.jpg,8.3,6.931472
/save/1181-0/52/1551880352_1181-0.jpg,10.6,10.017276
/save/1991-1/57/1549027957_1991-1.jpg,3.5,3.088975
/save/1194-1/80/1546258380_1194-1.jpg,3.6,4.877525
/save/1194-1/40/1546089240_1194-1.jpg,4.0,4.9818516
/save/344-0/21/1551526321_344-0.jpg,3.4,6.9370313
/save/569-1/84/1542717784_569-1.jpg,1.2,1.3001618
/save/259-1/56/1550410356_259-1.jpg,8.8,7.157552
/save/1194-1/58/1544621158_1194-1.jpg,0.8,4.9760165
/save/150-1/64/1548156964_150-1.jpg,-5.4,-0.111127295
/save/119-0/60/1547986260_119-0.jpg,-0.9,1.109493
/save/1881-0/42/1551702842_1881-0.jpg,16.4,13.581858
/save/1960-1/1/1544705401_1960-1.jpg,-0.6,-0.060383
/save/192-0/40/1552304040_192-0.jpg,3.5,7.465102
/save/53-0/78/1542807378_53-0.jpg,0.9,2.2394426
/save/195-0/8/1546350608_195-0.jpg,6.1,4.327875
/save/119-0/22/1549367522_119-0.jpg,1.1,2.9815674
/save/609-0/49/1544443049_609-0.jpg,4.6,1.940485
/save/65-1/29/1547470329_65-1.jpg,3.6,3.2441313
/save/2013-0/10/1543404910_2013-0.jpg,-0.2,1.0528295
/save/1091-0/20/1544181920_1091-0.jpg,13.0,13.886854
/save/569-1/50/1543492650_569-1.jpg,1.0,3.8620296
/save/258-0/56/1550063856_258-0.jpg,8.2,6.876165
/save/53-0/20/1543836620_53-0.jpg,4.2,6.040459
/save/1490-0/80/1548159180_1490-0.jpg,0.9,3.2680097
/save/1991-1/57/1547988457_1991-1.jpg,-2.2,-3.1140065
/save/759-0/2/1551185402_759-0.jpg,5.6,7.090496
/save/1686-0/60/1543318660_1686-0.jpg,-3.8,4.1873207
/save/1067-0/59/1545312759_1067-0.jpg,2.1,2.9061935
/save/1686-0/60/1544097460_1686-0.jpg,1.7,6.127121
/save/1242-0/52/1551958552_1242-0.jpg,13.9,11.2723255
/save/1881-0/42/1551878042_1881-0.jpg,9.3,9.157165
/save/258-0/56/1551531456_258-0.jpg,5.5,6.538629
/save/757-1/30/1543150230_757-1.jpg,5.1,3.5889227
/save/2445-0/40/1551876340_2445-0.jpg,9.0,11.039598
/save/1090-0/58/1543060058_1090-0.jpg,5.6,6.014609
/save/609-0/47/1544787247_609-0.jpg,0.5,2.1199584
/save/1181-0/72/1551876472_1181-0.jpg,10.6,12.259094
/save/1488-0/22/1548594922_1488-0.jpg,-1.3,-2.4671652
/save/150-1/46/1548328446_150-1.jpg,-5.0,-4.79462
/save/1082-0/55/1550664355_1082-0.jpg,7.7,9.99102
/save/195-0/7/1546264207_195-0.jpg,4.2,3.9067397
/save/51-0/83/1544184483_51-0.jpg,5.8,5.7880187
/save/851-0/55/1547904455_851-0.jpg,1.2,1.7940961
/save/1215-0/29/1549892729_1215-0.jpg,5.0,4.590534
/save/758-1/77/1549111477_758-1.jpg,8.7,6.665535
/save/1488-0/18/1547898918_1488-0.jpg,-1.3,-2.6151032
/save/2445-0/36/1551620736_2445-0.jpg,8.4,7.4510865
/save/1157-0/12/1549200312_1157-0.jpg,13.6,7.615733
/save/68-0/29/1543149029_68-0.jpg,2.5,1.7083374
/save/296-0/34/1549368134_296-0.jpg,1.4,0.99826235
/save/569-1/78/1542456878_569-1.jpg,5.9,4.792486
/save/1091-0/0/1543064700_1091-0.jpg,7.9,5.143568
/save/1215-0/32/1550065532_1215-0.jpg,6.8,8.843878
/save/259-1/56/1551617856_259-1.jpg,7.6,7.0669746
/save/2014-1/0/1546259700_2014-1.jpg,3.8,4.7890363
/save/1157-0/41/1549628741_1157-0.jpg,4.7,5.329732
/save/495-2/45/1544793045_495-2.jpg,-0.6,-0.008425035
/save/1881-0/48/1551275648_1881-0.jpg,11.8,8.768402
/save/119-0/68/1549458668_119-0.jpg,4.6,6.1844296
/save/1093-0/58/1547294858_1093-0.jpg,2.1,1.8328066
/save/296-0/4/1551965104_296-0.jpg,14.4,8.830505
/save/VP1004-0/4/1546087204_VP1004-0.jpg,5.0,4.796138
/save/1881-0/40/1551873240_1881-0.jpg,7.9,8.88486
/save/146-0/14/1544099114_146-0.jpg,4.4,7.016504
/save/2013-0/0/1544018100_2013-0.jpg,2.8,3.8895867
/save/VP1203-0/2/1551877202_VP1203-0.jpg,10.1,9.518898
/save/68-0/27/1542893427_68-0.jpg,-0.7,0.63463324
/save/575-0/24/1547118324_575-0.jpg,-3.1,-3.6549222
/save/569-0/60/1548243960_569-0.jpg,-6.6,-4.5686574
/save/575-1/21/1546085121_575-1.jpg,3.7,2.9174972
/save/1181-0/89/1550402889_1181-0.jpg,13.0,10.599878
/save/1181-0/79/1551870779_1181-0.jpg,9.0,12.096966
/save/759-0/1/1552217401_759-0.jpg,6.4,5.4507017
/save/232-0/14/1546005014_232-0.jpg,1.4,2.2936351
/save/609-0/7/1545047807_609-0.jpg,0.6,-0.48952535
/save/192-0/82/1550406782_192-0.jpg,6.6,6.302149
/save/1082-0/64/1550755864_1082-0.jpg,10.6,8.77374
/save/344-0/26/1549887226_344-0.jpg,3.5,5.3200035
/save/192-0/42/1550928842_192-0.jpg,-1.0,2.0411184
/save/137-0/84/1549887184_137-0.jpg,7.1,7.2331486
/save/585-0/57/1551097357_585-0.jpg,13.8,12.013656
/save/1242-0/51/1551358251_1242-0.jpg,13.3,9.224568
/save/495-2/51/1545219051_495-2.jpg,-1.0,0.41580388
/save/1157-0/12/1549191912_1157-0.jpg,12.0,9.014804
/save/851-0/58/1548766358_851-0.jpg,5.1,5.138728
/save/283-0/87/1547812487_283-0.jpg,2.1,1.5928316
/save/119-0/60/1547731860_119-0.jpg,4.9,5.1095223
/save/1181-0/36/1552477636_1181-0.jpg,5.6,8.279257
/save/1093-0/58/1549631258_1093-0.jpg,3.5,2.2151067
/save/1157-0/6/1549287906_1157-0.jpg,1.1,0.86856526
/save/192-0/82/1549977182_192-0.jpg,1.0,4.233612
/save/67-0/84/1544708884_67-0.jpg,-0.5,0.3677576
/save/296-0/29/1547816729_296-0.jpg,-0.3,3.2089047
/save/575-0/28/1548248728_575-0.jpg,-5.6,-4.254692
/save/494-0/8/1548768608_494-0.jpg,2.0,1.8302476
/save/VP1203-0/3/1550059203_VP1203-0.jpg,2.4,2.8717327
/save/68-0/14/1543751414_68-0.jpg,1.5,0.7110976
/save/1437-0/62/1551957062_1437-0.jpg,11.3,9.676382
/save/1181-0/24/1551096824_1181-0.jpg,10.1,7.9438314
/save/758-1/31/1548675731_758-1.jpg,1.8,1.4230086
/save/1454-0/59/1547126859_1454-0.jpg,-5.6,-5.243508
/save/575-0/26/1548329126_575-0.jpg,-6.4,-4.9248075
/save/65-1/93/1548073693_65-1.jpg,-0.9,-2.4900217
/save/1093-0/56/1548244356_1093-0.jpg,-5.1,-4.367943
/save/1881-0/43/1550753343_1881-0.jpg,6.5,6.8953004
/save/346-0/17/1542804317_346-0.jpg,-0.1,1.5362022
/save/1960-1/0/1544967900_1960-1.jpg,-0.4,-1.1823018
/save/1991-1/62/1548761562_1991-1.jpg,4.6,4.085387
/save/759-0/1/1550324701_759-0.jpg,12.7,8.579274
/save/494-0/15/1548155415_494-0.jpg,-6.4,2.9669857
/save/1960-1/1/1546088701_1960-1.jpg,3.9,2.0422814
/save/1215-0/19/1551612319_1215-0.jpg,8.7,11.858818
/save/344-0/59/1551957159_344-0.jpg,14.9,7.5038834
/save/2445-0/83/1551185183_2445-0.jpg,11.5,11.350695
/save/697-1/57/1545829957_697-1.jpg,5.8,5.1846724
/save/759-0/1/1550323501_759-0.jpg,12.8,8.726758
/save/1093-0/58/1548503558_1093-0.jpg,-2.6,-1.3491045
/save/195-0/7/1545397807_195-0.jpg,4.3,4.0725207
/save/1067-0/59/1546345959_1067-0.jpg,7.0,5.5793037
/save/2013-0/10/1543149310_2013-0.jpg,2.1,6.400646
/save/2013-0/0/1543755300_2013-0.jpg,1.7,1.6090688
/save/1490-0/60/1547214660_1490-0.jpg,-4.3,-2.2493138
/save/2013-0/10/1542633310_2013-0.jpg,3.8,5.289419
/save/1181-0/79/1552051979_1181-0.jpg,14.5,9.809715
/save/1090-0/59/1543839159_1090-0.jpg,12.8,9.269039
/save/494-0/23/1549803023_494-0.jpg,8.8,5.6380067
/save/1488-0/24/1548677724_1488-0.jpg,1.9,-0.016188659
/save/195-0/9/1545394209_195-0.jpg,4.5,2.889651
/save/VP1201-0/3/1542196803_VP1201-0.jpg,8.7,10.721145
/save/232-0/11/1545051911_232-0.jpg,-2.2,-1.9720232
/save/1067-0/58/1546169558_1067-0.jpg,4.7,7.97353
/save/575-0/31/1548337531_575-0.jpg,-6.1,-4.905223
/save/569-1/48/1542626548_569-1.jpg,4.5,3.8712547
/save/1991-1/57/1547812357_1991-1.jpg,2.6,2.768995
/save/2014-1/0/1545398100_2014-1.jpg,1.7,1.8197192
/save/150-1/83/1548338183_150-1.jpg,-5.1,-4.8639035
/save/179-0/37/1544968237_179-0.jpg,-1.1,-0.30950478
/save/759-0/30/1547901930_759-0.jpg,-1.3,-1.4065924
/save/58-0/89/1548078489_58-0.jpg,-2.0,1.7118866
/save/195-0/10/1545917410_195-0.jpg,6.7,4.807604
/save/2445-0/42/1550142342_2445-0.jpg,7.8,5.422408
/save/757-1/29/1543153829_757-1.jpg,4.8,3.134793
/save/2445-0/32/1551698732_2445-0.jpg,12.2,11.975964
/save/569-0/92/1549366992_569-0.jpg,0.2,2.1927252
/save/758-1/30/1547295930_758-1.jpg,0.4,-1.8326018
/save/585-0/57/1552135357_585-0.jpg,10.5,13.432363
/save/192-0/82/1550142782_192-0.jpg,3.9,6.210313
/save/1881-0/44/1551186844_1881-0.jpg,9.5,7.4690228
/save/1157-0/17/1547300717_1157-0.jpg,2.0,1.9272468
/save/51-0/25/1542719525_51-0.jpg,0.8,5.0728993
/save/67-0/98/1544441298_67-0.jpg,4.3,3.3290246
/save/VP1201-0/2/1542460202_VP1201-0.jpg,2.7,8.684698
/save/575-0/16/1548848716_575-0.jpg,0.0,0.49638626
/save/757-1/30/1542804630_757-1.jpg,-2.2,-2.710567
/save/757-1/30/1542544230_757-1.jpg,-0.3,0.5639555
/save/1215-0/20/1551957920_1215-0.jpg,13.4,8.606369
/save/258-0/56/1551010056_258-0.jpg,9.2,7.890733
/save/150-1/15/1549107015_150-1.jpg,11.5,9.818787
/save/569-0/9/1548592809_569-0.jpg,5.0,3.2081583
/save/1881-0/40/1552308840_1881-0.jpg,6.1,7.3442326
/save/68-0/15/1543585515_68-0.jpg,-2.0,-0.9936194
/save/179-0/36/1544789436_179-0.jpg,0.2,1.0929916
/save/575-1/25/1545133525_575-1.jpg,0.8,0.2765548
/save/569-0/29/1549194329_569-0.jpg,0.2,1.681344
/save/2445-0/31/1552225531_2445-0.jpg,8.0,7.8726764
/save/1093-0/56/1549457256_1093-0.jpg,4.0,4.116265
/save/1061-0/30/1544880630_1061-0.jpg,0.5,-1.0204384
/save/195-0/10/1545913810_195-0.jpg,6.6,5.364281
/save/495-2/50/1545135050_495-2.jpg,2.6,0.7721972
/save/51-0/13/1544182213_51-0.jpg,11.1,10.738409
/save/2014-1/1/1545914101_2014-1.jpg,6.4,5.001378
/save/55-1/6/1552221606_55-1.jpg,6.3,7.47861
/save/258-0/56/1551616356_258-0.jpg,8.9,7.1822
/save/1215-0/18/1552388718_1215-0.jpg,2.9,5.45129
/save/67-0/97/1544442497_67-0.jpg,4.2,5.2089415
/save/609-0/38/1546256438_609-0.jpg,3.2,2.252952
/save/296-0/8/1549717508_296-0.jpg,9.7,7.6458235
/save/296-0/32/1548242732_296-0.jpg,-7.7,-6.960662
/save/575-1/33/1546263933_575-1.jpg,1.5,3.1047363
/save/2014-1/1/1546085401_2014-1.jpg,4.9,4.745022
/save/697-1/57/1544703157_697-1.jpg,1.9,5.4166656
/save/757-1/3/1543757403_757-1.jpg,2.5,-0.79314464
/save/296-0/5/1551533105_296-0.jpg,4.5,6.6658545
/save/495-2/51/1546347051_495-2.jpg,4.3,6.7096577
/save/1082-0/31/1552309531_1082-0.jpg,7.4,7.7989073
/save/569-1/10/1542023010_569-1.jpg,13.8,9.265462
/save/1091-0/0/1542462300_1091-0.jpg,7.4,8.623417
/save/495-2/51/1545139851_495-2.jpg,2.5,1.3355747
/save/VP1201-0/2/1542455402_VP1201-0.jpg,2.1,4.711465
/save/2445-0/45/1549806345_2445-0.jpg,6.3,12.820416
/save/258-0/56/1551268356_258-0.jpg,12.2,7.9621687
/save/232-0/13/1545915013_232-0.jpg,2.1,1.6190045
/save/1090-0/59/1542980859_1090-0.jpg,3.2,2.8961368
/save/585-0/57/1552136557_585-0.jpg,9.8,10.5960865
/save/1686-0/60/1542627760_1686-0.jpg,-1.8,-1.7929189
/save/757-1/3/1543753803_757-1.jpg,2.5,-1.2185807
/save/1242-0/21/1549889421_1242-0.jpg,4.3,5.474454
/save/1960-1/1/1545565501_1960-1.jpg,3.5,1.895064
/save/1093-0/56/1548848856_1093-0.jpg,0.9,1.8381035
/save/1215-0/25/1551879925_1215-0.jpg,9.9,4.667769
/save/283-0/59/1549107359_283-0.jpg,11.6,4.1244965
/save/575-1/28/1546256728_575-1.jpg,2.1,4.104238
/save/296-0/4/1551702304_296-0.jpg,13.9,10.952282
/save/759-0/2/1550321102_759-0.jpg,12.5,12.954032
/save/1488-0/8/1549278908_1488-0.jpg,-0.1,-1.8651004
/save/VP1203-0/2/1551529802_VP1203-0.jpg,3.1,7.323679
/save/1991-1/57/1548155557_1991-1.jpg,-3.1,-3.3330908
/save/1242-0/20/1552138220_1242-0.jpg,6.1,4.709179
/save/137-0/23/1551699123_137-0.jpg,14.3,10.230552
/save/VP1201-0/3/1542981003_VP1201-0.jpg,1.8,2.475841
/save/146-0/16/1544011816_146-0.jpg,1.8,5.3568697
/save/296-0/17/1549459517_296-0.jpg,2.5,2.262158
/save/2014-1/0/1545478500_2014-1.jpg,4.4,2.359106
/save/757-1/2/1542196202_757-1.jpg,7.1,5.608761
/save/119-0/60/1547464260_119-0.jpg,2.4,5.5784254
/save/68-0/14/1544190614_68-0.jpg,6.9,5.589805
/save/344-0/68/1549885968_344-0.jpg,3.1,5.056816
/save/2013-0/10/1542886510_2013-0.jpg,-0.7,4.0554237
/save/119-0/81/1549025581_119-0.jpg,0.2,1.063483
/save/1091-0/19/1543839919_1091-0.jpg,13.9,10.875818
/save/575-0/14/1547728214_575-0.jpg,7.0,7.21227
/save/1090-0/58/1542629258_1090-0.jpg,6.8,9.330774
/save/1242-0/21/1552223721_1242-0.jpg,9.3,7.362198
/save/494-0/9/1548156609_494-0.jpg,-5.0,3.474218
/save/195-0/9/1544795409_195-0.jpg,0.0,2.0226715
/save/296-0/33/1548248733_296-0.jpg,-7.1,-2.8607821
/save/1881-0/83/1550059983_1881-0.jpg,2.4,5.2353916
/save/1488-0/11/1548760511_1488-0.jpg,0.9,-0.5473402
/save/146-0/0/1543409100_146-0.jpg,-1.7,-1.7543099
/save/758-1/76/1548158676_758-1.jpg,-3.4,-3.0919528
/save/296-0/4/1552308304_296-0.jpg,4.3,8.863592
/save/1239-0/51/1543149051_1239-0.jpg,7.2,6.864927
/save/697-1/57/1544704357_697-1.jpg,1.7,4.223656
/save/67-0/13/1545053313_67-0.jpg,-0.3,0.18403342
/save/1991-1/61/1549633961_1991-1.jpg,4.4,3.4953902
/save/346-0/92/1543753592_346-0.jpg,4.5,5.855949
/save/759-0/1/1552476601_759-0.jpg,2.8,2.6894393
/save/65-1/93/1547640493_65-1.jpg,7.6,7.481998
/save/150-1/67/1548242167_150-1.jpg,-5.5,-4.4969597
/save/1437-0/43/1550838243_1437-0.jpg,-1.6,2.575276
/save/283-0/22/1547555522_283-0.jpg,2.5,0.3921171
/save/1067-0/59/1546342359_1067-0.jpg,7.4,5.910602
/save/575-0/30/1548849930_575-0.jpg,0.0,0.36418918
/save/759-0/38/1549115138_759-0.jpg,8.3,6.8695617
/save/1067-0/58/1544879558_1067-0.jpg,0.3,1.7838523
/save/697-1/57/1545051157_697-1.jpg,-0.4,0.34992686
/save/1215-0/26/1551359126_1215-0.jpg,11.1,8.368325
/save/296-0/88/1548680588_296-0.jpg,5.7,7.094157
/save/494-0/7/1548765007_494-0.jpg,2.1,1.9112971
/save/1960-1/1/1545313501_1960-1.jpg,-1.0,-0.63899285
/save/1991-1/61/1549631561_1991-1.jpg,4.2,2.5240278
/save/51-0/40/1542973940_51-0.jpg,6.8,9.672778
/save/1082-0/48/1549806348_1082-0.jpg,4.3,5.4659324
/save/1960-1/0/1545398700_1960-1.jpg,6.6,3.5966055
/save/495-2/44/1545564344_495-2.jpg,3.6,4.9452324
/save/495-2/50/1545221450_495-2.jpg,0.0,-0.1926749
/save/150-1/18/1549199318_150-1.jpg,0.2,1.6926837
/save/1090-0/57/1542198457_1090-0.jpg,12.7,7.436201
/save/1991-1/62/1549110762_1991-1.jpg,9.6,7.771102
/save/VP1203-0/2/1551527402_VP1203-0.jpg,3.1,6.7403336
/save/232-0/13/1545567013_232-0.jpg,1.4,2.2657669
/save/1488-0/17/1547121317_1488-0.jpg,-6.8,-3.4574225
/save/119-0/22/1548852722_119-0.jpg,0.5,1.5126233
/save/VP1203-0/2/1551012002_VP1203-0.jpg,1.5,6.3843813
/save/1437-0/22/1549804322_1437-0.jpg,8.7,7.689313
/save/283-0/59/1549365159_283-0.jpg,2.2,1.4102297
/save/55-1/28/1550839828_55-1.jpg,-1.0,1.974348
/save/1157-0/15/1547125515_1157-0.jpg,-2.9,-2.0347378
/save/1090-0/58/1542972458_1090-0.jpg,2.6,4.5991364
/save/55-1/63/1550664963_55-1.jpg,5.5,2.595873
/save/1091-0/0/1542368700_1091-0.jpg,10.7,8.334569
/save/2014-1/0/1545311700_2014-1.jpg,-2.3,-1.406182
/save/575-1/30/1545918330_575-1.jpg,4.9,4.510778
/save/137-0/32/1551186732_137-0.jpg,9.8,10.14193
/save/296-0/11/1549624811_296-0.jpg,5.8,3.4261873
/save/2013-0/9/1542544509_2013-0.jpg,3.7,7.0647793
/save/575-1/25/1545045925_575-1.jpg,-4.1,-2.444798
/save/759-0/1/1549973101_759-0.jpg,-2.2,-1.9513586
/save/2013-0/0/1543666500_2013-0.jpg,-4.1,0.47459242
/save/494-0/6/1547991006_494-0.jpg,-2.7,-2.3244905
/save/1437-0/20/1551706320_1437-0.jpg,16.2,10.553517
/save/585-0/57/1551096157_585-0.jpg,13.1,9.740236
/save/1960-1/0/1545912300_1960-1.jpg,5.3,2.284379
/save/495-2/48/1546084248_495-2.jpg,4.5,5.4884744
/save/258-0/56/1550408256_258-0.jpg,8.5,6.913554
/save/1521-0/19/1549452819_1521-0.jpg,4.6,0.14205739
/save/609-0/52/1544786052_609-0.jpg,0.4,-1.6383148
/save/1082-0/40/1552045540_1082-0.jpg,15.8,14.811687
/save/1157-0/17/1547214317_1157-0.jpg,-2.6,-0.8849172
/save/759-0/1/1549539001_759-0.jpg,5.0,3.9405646
/save/1239-0/37/1542634237_1239-0.jpg,-0.4,1.4459252
/save/569-1/80/1542288880_569-1.jpg,9.2,6.8607597
/save/585-0/57/1550236957_585-0.jpg,12.8,14.858761
/save/1488-0/44/1549455344_1488-0.jpg,2.6,3.076212
/save/494-0/16/1548075016_494-0.jpg,-4.0,-0.12831703
/save/55-1/83/1550402283_55-1.jpg,7.6,5.2691236
/save/346-0/14/1543061114_346-0.jpg,2.9,3.5111008
/save/1686-0/59/1542542259_1686-0.jpg,1.4,4.175922
/save/1960-1/0/1545567900_1960-1.jpg,3.5,2.3437319
/save/VP1201-0/2/1542283802_VP1201-0.jpg,7.8,7.426397
/save/192-0/40/1551614040_192-0.jpg,5.1,6.143413
/save/1242-0/20/1549806620_1242-0.jpg,8.4,7.4897013
/save/569-1/72/1543843372_569-1.jpg,11.8,6.7863035
/save/2014-1/0/1546260900_2014-1.jpg,3.5,4.1003604
/save/58-0/28/1547387528_58-0.jpg,5.6,6.0555754
/save/758-1/68/1547290868_758-1.jpg,0.2,-1.3041531
/save/1067-0/58/1544788358_1067-0.jpg,-0.2,1.7054224
/save/2445-0/67/1551010267_2445-0.jpg,8.9,6.5675564
/save/494-0/15/1548504615_494-0.jpg,-3.1,-2.661724
/save/2014-1/0/1544618700_2014-1.jpg,0.8,2.2072783
/save/575-1/24/1545308724_575-1.jpg,-2.1,-1.2369914
/save/1454-0/57/1547465557_1454-0.jpg,1.4,2.171395
/save/VP1004-0/4/1545392404_VP1004-0.jpg,2.4,3.3486495
/save/VP1004-0/4/1546176004_VP1004-0.jpg,5.0,5.0517077
/save/1881-0/40/1552049640_1881-0.jpg,15.6,12.258797
/save/575-0/28/1548678328_575-0.jpg,0.4,0.076039635
/save/1490-0/80/1549107180_1490-0.jpg,7.8,7.1559963
/save/758-1/66/1548336466_758-1.jpg,-7.1,-7.004039
/save/296-0/10/1549976710_296-0.jpg,4.8,6.9433985
/save/258-0/55/1552226255_258-0.jpg,7.7,8.385532
/save/585-0/58/1549803758_585-0.jpg,9.2,6.607251
/save/VP1201-0/2/1544015402_VP1201-0.jpg,1.6,3.5930576
/save/1686-0/60/1543153060_1686-0.jpg,4.8,1.1606148
/save/1090-0/59/1542977559_1090-0.jpg,3.2,3.576017
/save/146-0/1/1542627001_146-0.jpg,-1.1,1.0203419
/save/1091-0/22/1543584322_1091-0.jpg,3.2,3.8581297
/save/569-1/17/1542805017_569-1.jpg,0.1,0.7501882
/save/VP1201-0/2/1543663802_VP1201-0.jpg,-3.4,-0.6333628
/save/259-1/55/1551701855_259-1.jpg,12.5,7.023554
/save/1437-0/41/1550753041_1437-0.jpg,6.2,3.0127053
/save/1091-0/0/1543058700_1091-0.jpg,7.5,6.081628
/save/1991-1/62/1548507162_1991-1.jpg,-3.0,-0.39679328
/save/1067-0/58/1544441558_1067-0.jpg,4.7,6.180221
/save/575-0/25/1549370725_575-0.jpg,3.6,3.228441
/save/495-2/49/1544448649_495-2.jpg,4.5,3.9153285
/save/1991-1/61/1549279961_1991-1.jpg,2.2,2.820981
/save/495-2/44/1545832244_495-2.jpg,3.8,3.9566362
/save/258-0/56/1552303956_258-0.jpg,2.4,6.277442
/save/2445-0/34/1551788434_2445-0.jpg,7.6,6.8512363
/save/67-0/50/1544882050_67-0.jpg,-1.2,-1.1290259
/save/494-0/15/1548328215_494-0.jpg,-7.0,-5.735687
/save/1960-1/0/1544786700_1960-1.jpg,-0.6,0.5546747
/save/495-2/51/1546348251_495-2.jpg,4.7,5.317469
/save/55-1/1/1551101801_55-1.jpg,8.0,5.7435246
/save/1686-0/60/1543929760_1686-0.jpg,4.2,7.3370247
/save/1437-0/40/1552479240_1437-0.jpg,6.0,8.892589
/save/344-0/22/1552307522_344-0.jpg,6.5,5.995207
/save/1960-1/0/1545650700_1960-1.jpg,1.0,1.8792104
/save/179-0/42/1545391842_179-0.jpg,2.3,0.6179058
/save/344-0/22/1552138322_344-0.jpg,9.0,7.7634134
/save/1490-0/80/1549114380_1490-0.jpg,9.6,9.189679
/save/1082-0/43/1549887943_1082-0.jpg,7.1,4.695147
/save/851-0/58/1548330458_851-0.jpg,-6.0,-6.0501814
/save/2014-1/1/1545659701_2014-1.jpg,-0.7,-0.32827392
/save/1194-1/40/1546175640_1194-1.jpg,3.9,6.0582685
/save/VP1004-0/4/1545222004_VP1004-0.jpg,-0.6,-0.48133817
/save/2014-1/1/1545484501_2014-1.jpg,3.6,4.9652123
/save/67-0/93/1546000093_67-0.jpg,3.8,5.118464
/save/2445-0/43/1551354343_2445-0.jpg,10.3,10.207982
/save/51-0/22/1543579322_51-0.jpg,1.3,2.5597167
/save/697-1/58/1544443958_697-1.jpg,5.2,4.7864294
/save/258-0/55/1549887455_258-0.jpg,3.7,6.491358
/save/609-0/96/1545051396_609-0.jpg,0.6,-1.3242254
/save/1157-0/38/1549802738_1157-0.jpg,10.6,10.568482
/save/137-0/40/1552218840_137-0.jpg,6.3,6.493857
/save/1881-0/25/1551012125_1881-0.jpg,5.1,6.6360383
/save/1082-0/34/1552395034_1082-0.jpg,5.5,6.28919
/save/346-0/24/1544184324_346-0.jpg,10.1,5.901136
/save/150-1/73/1547214373_150-1.jpg,-1.8,-0.58627063
/save/296-0/5/1552394705_296-0.jpg,5.8,4.862339
/save/283-0/21/1548769021_283-0.jpg,2.3,2.5218873
/save/146-0/13/1544097913_146-0.jpg,4.5,5.79557
/save/1067-0/58/1544445158_1067-0.jpg,3.1,5.5884633
/save/757-1/1/1544011801_757-1.jpg,0.0,1.5934958
/save/1157-0/37/1549713937_1157-0.jpg,6.6,6.964842
/save/346-0/15/1543410315_346-0.jpg,3.0,4.5786366
/save/1488-0/22/1548855322_1488-0.jpg,-0.1,1.1220092
/save/1488-0/10/1548502210_1488-0.jpg,-4.2,-5.2113056
/save/259-1/55/1550833355_259-1.jpg,1.3,4.341002
/save/1093-0/56/1547812056_1093-0.jpg,2.2,1.5093255
/save/1991-1/58/1548853958_1991-1.jpg,2.4,2.096437
/save/283-0/79/1548075279_283-0.jpg,-1.2,0.7167799
/save/1181-0/75/1551353675_1181-0.jpg,13.6,10.835467
/save/575-1/31/1546173931_575-1.jpg,3.9,3.3920527
/save/569-0/94/1549110094_569-0.jpg,2.1,1.0378876
/save/1067-0/58/1544791958_1067-0.jpg,-0.2,1.2654326
/save/2445-0/29/1551618329_2445-0.jpg,8.7,6.8318677
/save/296-0/32/1547379932_296-0.jpg,4.6,8.853899
/save/119-0/68/1549457468_119-0.jpg,4.1,6.47461
/save/192-0/42/1550147642_192-0.jpg,4.5,7.055558
/save/569-1/50/1544188850_569-1.jpg,10.2,8.307861
/save/2445-0/32/1552217132_2445-0.jpg,6.8,7.8344917
/save/1067-0/59/1545827559_1067-0.jpg,6.2,4.3808584
/save/119-0/86/1549797186_119-0.jpg,8.0,4.37627
/save/1991-1/61/1547552861_1991-1.jpg,0.2,1.2173595
/save/1488-0/19/1547554519_1488-0.jpg,0.2,-0.20679262
/save/1881-0/46/1551099246_1881-0.jpg,10.2,9.254605
/save/1488-0/18/1547904918_1488-0.jpg,-1.3,-1.6849601
/save/569-1/91/1542285291_569-1.jpg,10.6,9.2282095
/save/759-0/1/1551444601_759-0.jpg,3.8,3.5227733
/save/195-0/10/1544700610_195-0.jpg,2.3,2.739996
/save/609-0/75/1545654275_609-0.jpg,0.4,1.6121866
/save/67-0/49/1546260349_67-0.jpg,1.9,2.0239406
/save/1157-0/17/1547127917_1157-0.jpg,-3.1,-1.9883988
/save/VP1203-0/2/1549806602_VP1203-0.jpg,9.8,6.987019
/save/68-0/19/1543753819_68-0.jpg,1.1,0.2837706
/save/68-0/15/1543931415_68-0.jpg,6.7,6.7415614
/save/1881-0/83/1550319183_1881-0.jpg,3.6,5.2554092
/save/759-0/29/1547811929_759-0.jpg,-0.4,-2.5668135
/save/1242-0/23/1550235023_1242-0.jpg,8.2,8.480422
/save/344-0/22/1552135922_344-0.jpg,8.4,6.7746286
/save/759-0/2/1550922602_759-0.jpg,-3.0,-3.0466218
/save/575-0/23/1549026323_575-0.jpg,4.7,3.7080233
/save/53-0/5/1543322905_53-0.jpg,1.2,6.440663
/save/1437-0/21/1550233921_1437-0.jpg,8.1,8.2408085
/save/55-1/98/1550403398_55-1.jpg,7.2,5.7648435
/save/119-0/22/1547118722_119-0.jpg,-5.8,-5.260946
/save/697-1/57/1544967157_697-1.jpg,-0.2,0.9184959
/save/495-2/52/1546258252_495-2.jpg,3.1,4.418437
/save/2445-0/29/1552220729_2445-0.jpg,7.7,6.500373
/save/259-1/56/1552390356_259-1.jpg,3.9,5.8461366
/save/VP1004-0/4/1545914404_VP1004-0.jpg,6.0,4.294229
/save/1194-1/40/1546348440_1194-1.jpg,6.2,6.265116
/save/344-0/57/1550750557_344-0.jpg,9.4,7.154132
/save/1437-0/94/1551099094_1437-0.jpg,6.2,5.871168
/save/697-1/57/1544873557_697-1.jpg,0.1,0.38080022
/save/2445-0/40/1550063140_2445-0.jpg,6.4,4.546161
/save/575-0/27/1547383527_575-0.jpg,2.7,1.7545431
/save/1454-0/60/1547293660_1454-0.jpg,0.8,0.2318047
/save/495-2/49/1546261849_495-2.jpg,3.1,3.2093635
/save/569-1/51/1542548551_569-1.jpg,0.4,0.80690867
/save/146-0/0/1543148700_146-0.jpg,5.8,1.3024241
/save/494-0/7/1548767407_494-0.jpg,2.1,1.8267539
/save/1157-0/21/1549373121_1157-0.jpg,6.3,7.0399647
/save/146-0/0/1542455100_146-0.jpg,1.5,8.114256
/save/2014-1/0/1545141300_2014-1.jpg,-1.5,-1.684161
/save/1490-0/20/1547118720_1490-0.jpg,-4.9,-3.320436
/save/759-0/2/1549626602_759-0.jpg,3.2,3.426157
/save/575-1/22/1544959522_575-1.jpg,-0.6,-0.6482782
/save/1061-0/27/1544443827_1061-0.jpg,4.1,1.7484208
/save/119-0/82/1548677582_119-0.jpg,3.0,3.0586793
/save/569-0/75/1548505275_569-0.jpg,0.5,0.055384003
/save/1093-0/56/1548074556_1093-0.jpg,-4.7,-3.207581
/save/179-0/38/1544790638_179-0.jpg,0.3,0.94053334
/save/609-0/1/1545996201_609-0.jpg,6.7,2.703495
/save/569-0/44/1548761044_569-0.jpg,0.2,2.058844
/save/1082-0/72/1551016272_1082-0.jpg,2.5,1.9424113
/save/2013-0/0/1544012700_2013-0.jpg,3.8,0.82316166
/save/1181-0/86/1550144786_1181-0.jpg,9.1,10.4637785
/save/179-0/80/1546169580_179-0.jpg,4.4,5.5465345
/save/1215-0/19/1552308319_1215-0.jpg,3.0,5.1629963
/save/58-0/5/1548337805_58-0.jpg,-4.0,-2.9532921
/save/494-0/20/1549461020_494-0.jpg,2.3,6.026161
/save/346-0/17/1543325117_346-0.jpg,0.8,2.3688262
/save/851-0/58/1548328058_851-0.jpg,-6.2,-5.129153
/save/575-0/35/1548679535_575-0.jpg,0.2,0.38234434
